2026-02-08 09:55:04,302 [ERROR] DB 연결 실패: connection to server at "144.24.87.146", port 5432 failed: FATAL:  password authentication failed for user "kcc_user"

2026-02-08 09:55:04,302 [ERROR] DB connection error
Traceback (most recent call last):
  File "C:\Workspace\neko-system\worker\translate_worker.py", line 160, in get_db_connection
    conn = psycopg2.connect(
        host=DB_HOST,
    ...<4 lines>...
        connect_timeout=10
    )
  File "C:\Workspace\neko-system\worker\.venv\Lib\site-packages\psycopg2\__init__.py", line 135, in connect
    conn = _connect(dsn, connection_factory=connection_factory, **kwasync)
psycopg2.OperationalError: connection to server at "144.24.87.146", port 5432 failed: FATAL:  password authentication failed for user "kcc_user"

2026-02-08 09:55:04,303 [ERROR] ❌ DB 연결 실패 - 종료
2026-02-08 09:55:16,412 [ERROR] DB 연결 실패: connection to server at "144.24.87.146", port 5432 failed: FATAL:  password authentication failed for user "kcc_user"

2026-02-08 09:55:16,412 [ERROR] DB connection error
Traceback (most recent call last):
  File "C:\Workspace\neko-system\worker\translate_worker.py", line 160, in get_db_connection
    conn = psycopg2.connect(
        host=DB_HOST,
    ...<4 lines>...
        connect_timeout=10
    )
  File "C:\Workspace\neko-system\worker\.venv\Lib\site-packages\psycopg2\__init__.py", line 135, in connect
    conn = _connect(dsn, connection_factory=connection_factory, **kwasync)
psycopg2.OperationalError: connection to server at "144.24.87.146", port 5432 failed: FATAL:  password authentication failed for user "kcc_user"

2026-02-08 09:55:16,413 [ERROR] ❌ DB 연결 실패 - 종료
2026-02-08 09:56:50,178 [ERROR]    ❌ 모델 로딩 실패: Helsinki-NLP/opus-mt-ja-ko is not a local folder and is not a valid model identifier listed on 'https://huggingface.co/models'
If this is a private repository, make sure to pass a token having permission to this repo either by logging in with `hf auth login` or by passing `token=<your_token>`
2026-02-08 09:56:50,179 [ERROR] Model loading error
Traceback (most recent call last):
  File "C:\Workspace\neko-system\worker\.venv\Lib\site-packages\huggingface_hub\utils\_http.py", line 657, in hf_raise_for_status
    response.raise_for_status()
    ~~~~~~~~~~~~~~~~~~~~~~~~~^^
  File "C:\Workspace\neko-system\worker\.venv\Lib\site-packages\httpx\_models.py", line 829, in raise_for_status
    raise HTTPStatusError(message, request=request, response=self)
httpx.HTTPStatusError: Client error '401 Unauthorized' for url 'https://huggingface.co/Helsinki-NLP/opus-mt-ja-ko/resolve/main/config.json'
For more information check: https://developer.mozilla.org/en-US/docs/Web/HTTP/Status/401

The above exception was the direct cause of the following exception:

Traceback (most recent call last):
  File "C:\Workspace\neko-system\worker\.venv\Lib\site-packages\transformers\utils\hub.py", line 419, in cached_files
    hf_hub_download(
    ~~~~~~~~~~~~~~~^
        path_or_repo_id,
        ^^^^^^^^^^^^^^^^
    ...<9 lines>...
        local_files_only=local_files_only,
        ^^^^^^^^^^^^^^^^^^^^^^^^^^^^^^^^^^
    )
    ^
  File "C:\Workspace\neko-system\worker\.venv\Lib\site-packages\huggingface_hub\utils\_validators.py", line 89, in _inner_fn
    return fn(*args, **kwargs)
  File "C:\Workspace\neko-system\worker\.venv\Lib\site-packages\huggingface_hub\file_download.py", line 1032, in hf_hub_download
    return _hf_hub_download_to_cache_dir(
        # Destination
    ...<15 lines>...
        dry_run=dry_run,
    )
  File "C:\Workspace\neko-system\worker\.venv\Lib\site-packages\huggingface_hub\file_download.py", line 1183, in _hf_hub_download_to_cache_dir
    _raise_on_head_call_error(head_call_error, force_download, local_files_only)
    ~~~~~~~~~~~~~~~~~~~~~~~~~^^^^^^^^^^^^^^^^^^^^^^^^^^^^^^^^^^^^^^^^^^^^^^^^^^^
  File "C:\Workspace\neko-system\worker\.venv\Lib\site-packages\huggingface_hub\file_download.py", line 1812, in _raise_on_head_call_error
    raise head_call_error
  File "C:\Workspace\neko-system\worker\.venv\Lib\site-packages\huggingface_hub\file_download.py", line 1699, in _get_metadata_or_catch_error
    metadata = get_hf_file_metadata(
        url=url,
    ...<4 lines>...
        retry_on_errors=retry_on_errors,
    )
  File "C:\Workspace\neko-system\worker\.venv\Lib\site-packages\huggingface_hub\utils\_validators.py", line 89, in _inner_fn
    return fn(*args, **kwargs)
  File "C:\Workspace\neko-system\worker\.venv\Lib\site-packages\huggingface_hub\file_download.py", line 1622, in get_hf_file_metadata
    response = _httpx_follow_relative_redirects(
        method="HEAD", url=url, headers=hf_headers, timeout=timeout, retry_on_errors=retry_on_errors
    )
  File "C:\Workspace\neko-system\worker\.venv\Lib\site-packages\huggingface_hub\file_download.py", line 309, in _httpx_follow_relative_redirects
    hf_raise_for_status(response)
    ~~~~~~~~~~~~~~~~~~~^^^^^^^^^^
  File "C:\Workspace\neko-system\worker\.venv\Lib\site-packages\huggingface_hub\utils\_http.py", line 710, in hf_raise_for_status
    raise _format(RepositoryNotFoundError, message, response) from e
huggingface_hub.errors.RepositoryNotFoundError: 401 Client Error. (Request ID: Root=1-6987df51-7eb194b72ea052040497fae6;9339babc-3e91-4d89-ac6d-6d4cf567813b)

Repository Not Found for url: https://huggingface.co/Helsinki-NLP/opus-mt-ja-ko/resolve/main/config.json.
Please make sure you specified the correct `repo_id` and `repo_type`.
If you are trying to access a private or gated repo, make sure you are authenticated. For more details, see https://huggingface.co/docs/huggingface_hub/authentication
Invalid username or password.

The above exception was the direct cause of the following exception:

Traceback (most recent call last):
  File "C:\Workspace\neko-system\worker\translate_worker.py", line 258, in translate_text
    translator = pipeline("translation", model=TRANSLATE_MODEL)
  File "C:\Workspace\neko-system\worker\.venv\Lib\site-packages\transformers\pipelines\__init__.py", line 695, in pipeline
    resolved_config_file = cached_file(
        pretrained_model_name_or_path,
    ...<5 lines>...
        **hub_kwargs,
    )
  File "C:\Workspace\neko-system\worker\.venv\Lib\site-packages\transformers\utils\hub.py", line 276, in cached_file
    file = cached_files(path_or_repo_id=path_or_repo_id, filenames=[filename], **kwargs)
  File "C:\Workspace\neko-system\worker\.venv\Lib\site-packages\transformers\utils\hub.py", line 449, in cached_files
    raise OSError(
    ...<4 lines>...
    ) from e
OSError: Helsinki-NLP/opus-mt-ja-ko is not a local folder and is not a valid model identifier listed on 'https://huggingface.co/models'
If this is a private repository, make sure to pass a token having permission to this repo either by logging in with `hf auth login` or by passing `token=<your_token>`
2026-02-08 09:56:50,184 [ERROR] ❌ 챕터 1 번역 실패
2026-02-08 09:56:52,394 [ERROR]    ❌ 모델 로딩 실패: Helsinki-NLP/opus-mt-ja-ko is not a local folder and is not a valid model identifier listed on 'https://huggingface.co/models'
If this is a private repository, make sure to pass a token having permission to this repo either by logging in with `hf auth login` or by passing `token=<your_token>`
2026-02-08 09:56:52,394 [ERROR] Model loading error
Traceback (most recent call last):
  File "C:\Workspace\neko-system\worker\.venv\Lib\site-packages\huggingface_hub\utils\_http.py", line 657, in hf_raise_for_status
    response.raise_for_status()
    ~~~~~~~~~~~~~~~~~~~~~~~~~^^
  File "C:\Workspace\neko-system\worker\.venv\Lib\site-packages\httpx\_models.py", line 829, in raise_for_status
    raise HTTPStatusError(message, request=request, response=self)
httpx.HTTPStatusError: Client error '401 Unauthorized' for url 'https://huggingface.co/Helsinki-NLP/opus-mt-ja-ko/resolve/main/config.json'
For more information check: https://developer.mozilla.org/en-US/docs/Web/HTTP/Status/401

The above exception was the direct cause of the following exception:

Traceback (most recent call last):
  File "C:\Workspace\neko-system\worker\.venv\Lib\site-packages\transformers\utils\hub.py", line 419, in cached_files
    hf_hub_download(
    ~~~~~~~~~~~~~~~^
        path_or_repo_id,
        ^^^^^^^^^^^^^^^^
    ...<9 lines>...
        local_files_only=local_files_only,
        ^^^^^^^^^^^^^^^^^^^^^^^^^^^^^^^^^^
    )
    ^
  File "C:\Workspace\neko-system\worker\.venv\Lib\site-packages\huggingface_hub\utils\_validators.py", line 89, in _inner_fn
    return fn(*args, **kwargs)
  File "C:\Workspace\neko-system\worker\.venv\Lib\site-packages\huggingface_hub\file_download.py", line 1032, in hf_hub_download
    return _hf_hub_download_to_cache_dir(
        # Destination
    ...<15 lines>...
        dry_run=dry_run,
    )
  File "C:\Workspace\neko-system\worker\.venv\Lib\site-packages\huggingface_hub\file_download.py", line 1183, in _hf_hub_download_to_cache_dir
    _raise_on_head_call_error(head_call_error, force_download, local_files_only)
    ~~~~~~~~~~~~~~~~~~~~~~~~~^^^^^^^^^^^^^^^^^^^^^^^^^^^^^^^^^^^^^^^^^^^^^^^^^^^
  File "C:\Workspace\neko-system\worker\.venv\Lib\site-packages\huggingface_hub\file_download.py", line 1812, in _raise_on_head_call_error
    raise head_call_error
  File "C:\Workspace\neko-system\worker\.venv\Lib\site-packages\huggingface_hub\file_download.py", line 1699, in _get_metadata_or_catch_error
    metadata = get_hf_file_metadata(
        url=url,
    ...<4 lines>...
        retry_on_errors=retry_on_errors,
    )
  File "C:\Workspace\neko-system\worker\.venv\Lib\site-packages\huggingface_hub\utils\_validators.py", line 89, in _inner_fn
    return fn(*args, **kwargs)
  File "C:\Workspace\neko-system\worker\.venv\Lib\site-packages\huggingface_hub\file_download.py", line 1622, in get_hf_file_metadata
    response = _httpx_follow_relative_redirects(
        method="HEAD", url=url, headers=hf_headers, timeout=timeout, retry_on_errors=retry_on_errors
    )
  File "C:\Workspace\neko-system\worker\.venv\Lib\site-packages\huggingface_hub\file_download.py", line 309, in _httpx_follow_relative_redirects
    hf_raise_for_status(response)
    ~~~~~~~~~~~~~~~~~~~^^^^^^^^^^
  File "C:\Workspace\neko-system\worker\.venv\Lib\site-packages\huggingface_hub\utils\_http.py", line 710, in hf_raise_for_status
    raise _format(RepositoryNotFoundError, message, response) from e
huggingface_hub.errors.RepositoryNotFoundError: 401 Client Error. (Request ID: Root=1-6987df53-4f76a4f224e194c52f808fc8;364aa936-2134-490b-b01c-d1ab5c26e77c)

Repository Not Found for url: https://huggingface.co/Helsinki-NLP/opus-mt-ja-ko/resolve/main/config.json.
Please make sure you specified the correct `repo_id` and `repo_type`.
If you are trying to access a private or gated repo, make sure you are authenticated. For more details, see https://huggingface.co/docs/huggingface_hub/authentication
Invalid username or password.

The above exception was the direct cause of the following exception:

Traceback (most recent call last):
  File "C:\Workspace\neko-system\worker\translate_worker.py", line 258, in translate_text
    translator = pipeline("translation", model=TRANSLATE_MODEL)
  File "C:\Workspace\neko-system\worker\.venv\Lib\site-packages\transformers\pipelines\__init__.py", line 695, in pipeline
    resolved_config_file = cached_file(
        pretrained_model_name_or_path,
    ...<5 lines>...
        **hub_kwargs,
    )
  File "C:\Workspace\neko-system\worker\.venv\Lib\site-packages\transformers\utils\hub.py", line 276, in cached_file
    file = cached_files(path_or_repo_id=path_or_repo_id, filenames=[filename], **kwargs)
  File "C:\Workspace\neko-system\worker\.venv\Lib\site-packages\transformers\utils\hub.py", line 449, in cached_files
    raise OSError(
    ...<4 lines>...
    ) from e
OSError: Helsinki-NLP/opus-mt-ja-ko is not a local folder and is not a valid model identifier listed on 'https://huggingface.co/models'
If this is a private repository, make sure to pass a token having permission to this repo either by logging in with `hf auth login` or by passing `token=<your_token>`
2026-02-08 09:56:52,397 [ERROR] ❌ 챕터 1 번역 실패
2026-02-08 09:56:54,607 [ERROR]    ❌ 모델 로딩 실패: Helsinki-NLP/opus-mt-ja-ko is not a local folder and is not a valid model identifier listed on 'https://huggingface.co/models'
If this is a private repository, make sure to pass a token having permission to this repo either by logging in with `hf auth login` or by passing `token=<your_token>`
2026-02-08 09:56:54,607 [ERROR] Model loading error
Traceback (most recent call last):
  File "C:\Workspace\neko-system\worker\.venv\Lib\site-packages\huggingface_hub\utils\_http.py", line 657, in hf_raise_for_status
    response.raise_for_status()
    ~~~~~~~~~~~~~~~~~~~~~~~~~^^
  File "C:\Workspace\neko-system\worker\.venv\Lib\site-packages\httpx\_models.py", line 829, in raise_for_status
    raise HTTPStatusError(message, request=request, response=self)
httpx.HTTPStatusError: Client error '401 Unauthorized' for url 'https://huggingface.co/Helsinki-NLP/opus-mt-ja-ko/resolve/main/config.json'
For more information check: https://developer.mozilla.org/en-US/docs/Web/HTTP/Status/401

The above exception was the direct cause of the following exception:

Traceback (most recent call last):
  File "C:\Workspace\neko-system\worker\.venv\Lib\site-packages\transformers\utils\hub.py", line 419, in cached_files
    hf_hub_download(
    ~~~~~~~~~~~~~~~^
        path_or_repo_id,
        ^^^^^^^^^^^^^^^^
    ...<9 lines>...
        local_files_only=local_files_only,
        ^^^^^^^^^^^^^^^^^^^^^^^^^^^^^^^^^^
    )
    ^
  File "C:\Workspace\neko-system\worker\.venv\Lib\site-packages\huggingface_hub\utils\_validators.py", line 89, in _inner_fn
    return fn(*args, **kwargs)
  File "C:\Workspace\neko-system\worker\.venv\Lib\site-packages\huggingface_hub\file_download.py", line 1032, in hf_hub_download
    return _hf_hub_download_to_cache_dir(
        # Destination
    ...<15 lines>...
        dry_run=dry_run,
    )
  File "C:\Workspace\neko-system\worker\.venv\Lib\site-packages\huggingface_hub\file_download.py", line 1183, in _hf_hub_download_to_cache_dir
    _raise_on_head_call_error(head_call_error, force_download, local_files_only)
    ~~~~~~~~~~~~~~~~~~~~~~~~~^^^^^^^^^^^^^^^^^^^^^^^^^^^^^^^^^^^^^^^^^^^^^^^^^^^
  File "C:\Workspace\neko-system\worker\.venv\Lib\site-packages\huggingface_hub\file_download.py", line 1812, in _raise_on_head_call_error
    raise head_call_error
  File "C:\Workspace\neko-system\worker\.venv\Lib\site-packages\huggingface_hub\file_download.py", line 1699, in _get_metadata_or_catch_error
    metadata = get_hf_file_metadata(
        url=url,
    ...<4 lines>...
        retry_on_errors=retry_on_errors,
    )
  File "C:\Workspace\neko-system\worker\.venv\Lib\site-packages\huggingface_hub\utils\_validators.py", line 89, in _inner_fn
    return fn(*args, **kwargs)
  File "C:\Workspace\neko-system\worker\.venv\Lib\site-packages\huggingface_hub\file_download.py", line 1622, in get_hf_file_metadata
    response = _httpx_follow_relative_redirects(
        method="HEAD", url=url, headers=hf_headers, timeout=timeout, retry_on_errors=retry_on_errors
    )
  File "C:\Workspace\neko-system\worker\.venv\Lib\site-packages\huggingface_hub\file_download.py", line 309, in _httpx_follow_relative_redirects
    hf_raise_for_status(response)
    ~~~~~~~~~~~~~~~~~~~^^^^^^^^^^
  File "C:\Workspace\neko-system\worker\.venv\Lib\site-packages\huggingface_hub\utils\_http.py", line 710, in hf_raise_for_status
    raise _format(RepositoryNotFoundError, message, response) from e
huggingface_hub.errors.RepositoryNotFoundError: 401 Client Error. (Request ID: Root=1-6987df55-3f0ba7f36cc4c4fe54c33efa;ac14e402-995d-4397-b5a8-81accd603f56)

Repository Not Found for url: https://huggingface.co/Helsinki-NLP/opus-mt-ja-ko/resolve/main/config.json.
Please make sure you specified the correct `repo_id` and `repo_type`.
If you are trying to access a private or gated repo, make sure you are authenticated. For more details, see https://huggingface.co/docs/huggingface_hub/authentication
Invalid username or password.

The above exception was the direct cause of the following exception:

Traceback (most recent call last):
  File "C:\Workspace\neko-system\worker\translate_worker.py", line 258, in translate_text
    translator = pipeline("translation", model=TRANSLATE_MODEL)
  File "C:\Workspace\neko-system\worker\.venv\Lib\site-packages\transformers\pipelines\__init__.py", line 695, in pipeline
    resolved_config_file = cached_file(
        pretrained_model_name_or_path,
    ...<5 lines>...
        **hub_kwargs,
    )
  File "C:\Workspace\neko-system\worker\.venv\Lib\site-packages\transformers\utils\hub.py", line 276, in cached_file
    file = cached_files(path_or_repo_id=path_or_repo_id, filenames=[filename], **kwargs)
  File "C:\Workspace\neko-system\worker\.venv\Lib\site-packages\transformers\utils\hub.py", line 449, in cached_files
    raise OSError(
    ...<4 lines>...
    ) from e
OSError: Helsinki-NLP/opus-mt-ja-ko is not a local folder and is not a valid model identifier listed on 'https://huggingface.co/models'
If this is a private repository, make sure to pass a token having permission to this repo either by logging in with `hf auth login` or by passing `token=<your_token>`
2026-02-08 09:56:54,610 [ERROR] ❌ 챕터 1 번역 실패
2026-02-08 09:56:56,824 [ERROR]    ❌ 모델 로딩 실패: Helsinki-NLP/opus-mt-ja-ko is not a local folder and is not a valid model identifier listed on 'https://huggingface.co/models'
If this is a private repository, make sure to pass a token having permission to this repo either by logging in with `hf auth login` or by passing `token=<your_token>`
2026-02-08 09:56:56,824 [ERROR] Model loading error
Traceback (most recent call last):
  File "C:\Workspace\neko-system\worker\.venv\Lib\site-packages\huggingface_hub\utils\_http.py", line 657, in hf_raise_for_status
    response.raise_for_status()
    ~~~~~~~~~~~~~~~~~~~~~~~~~^^
  File "C:\Workspace\neko-system\worker\.venv\Lib\site-packages\httpx\_models.py", line 829, in raise_for_status
    raise HTTPStatusError(message, request=request, response=self)
httpx.HTTPStatusError: Client error '401 Unauthorized' for url 'https://huggingface.co/Helsinki-NLP/opus-mt-ja-ko/resolve/main/config.json'
For more information check: https://developer.mozilla.org/en-US/docs/Web/HTTP/Status/401

The above exception was the direct cause of the following exception:

Traceback (most recent call last):
  File "C:\Workspace\neko-system\worker\.venv\Lib\site-packages\transformers\utils\hub.py", line 419, in cached_files
    hf_hub_download(
    ~~~~~~~~~~~~~~~^
        path_or_repo_id,
        ^^^^^^^^^^^^^^^^
    ...<9 lines>...
        local_files_only=local_files_only,
        ^^^^^^^^^^^^^^^^^^^^^^^^^^^^^^^^^^
    )
    ^
  File "C:\Workspace\neko-system\worker\.venv\Lib\site-packages\huggingface_hub\utils\_validators.py", line 89, in _inner_fn
    return fn(*args, **kwargs)
  File "C:\Workspace\neko-system\worker\.venv\Lib\site-packages\huggingface_hub\file_download.py", line 1032, in hf_hub_download
    return _hf_hub_download_to_cache_dir(
        # Destination
    ...<15 lines>...
        dry_run=dry_run,
    )
  File "C:\Workspace\neko-system\worker\.venv\Lib\site-packages\huggingface_hub\file_download.py", line 1183, in _hf_hub_download_to_cache_dir
    _raise_on_head_call_error(head_call_error, force_download, local_files_only)
    ~~~~~~~~~~~~~~~~~~~~~~~~~^^^^^^^^^^^^^^^^^^^^^^^^^^^^^^^^^^^^^^^^^^^^^^^^^^^
  File "C:\Workspace\neko-system\worker\.venv\Lib\site-packages\huggingface_hub\file_download.py", line 1812, in _raise_on_head_call_error
    raise head_call_error
  File "C:\Workspace\neko-system\worker\.venv\Lib\site-packages\huggingface_hub\file_download.py", line 1699, in _get_metadata_or_catch_error
    metadata = get_hf_file_metadata(
        url=url,
    ...<4 lines>...
        retry_on_errors=retry_on_errors,
    )
  File "C:\Workspace\neko-system\worker\.venv\Lib\site-packages\huggingface_hub\utils\_validators.py", line 89, in _inner_fn
    return fn(*args, **kwargs)
  File "C:\Workspace\neko-system\worker\.venv\Lib\site-packages\huggingface_hub\file_download.py", line 1622, in get_hf_file_metadata
    response = _httpx_follow_relative_redirects(
        method="HEAD", url=url, headers=hf_headers, timeout=timeout, retry_on_errors=retry_on_errors
    )
  File "C:\Workspace\neko-system\worker\.venv\Lib\site-packages\huggingface_hub\file_download.py", line 309, in _httpx_follow_relative_redirects
    hf_raise_for_status(response)
    ~~~~~~~~~~~~~~~~~~~^^^^^^^^^^
  File "C:\Workspace\neko-system\worker\.venv\Lib\site-packages\huggingface_hub\utils\_http.py", line 710, in hf_raise_for_status
    raise _format(RepositoryNotFoundError, message, response) from e
huggingface_hub.errors.RepositoryNotFoundError: 401 Client Error. (Request ID: Root=1-6987df57-1e16be515313ccbb171b5e33;bbc39d9d-b233-4686-bc20-e3328cad131d)

Repository Not Found for url: https://huggingface.co/Helsinki-NLP/opus-mt-ja-ko/resolve/main/config.json.
Please make sure you specified the correct `repo_id` and `repo_type`.
If you are trying to access a private or gated repo, make sure you are authenticated. For more details, see https://huggingface.co/docs/huggingface_hub/authentication
Invalid username or password.

The above exception was the direct cause of the following exception:

Traceback (most recent call last):
  File "C:\Workspace\neko-system\worker\translate_worker.py", line 258, in translate_text
    translator = pipeline("translation", model=TRANSLATE_MODEL)
  File "C:\Workspace\neko-system\worker\.venv\Lib\site-packages\transformers\pipelines\__init__.py", line 695, in pipeline
    resolved_config_file = cached_file(
        pretrained_model_name_or_path,
    ...<5 lines>...
        **hub_kwargs,
    )
  File "C:\Workspace\neko-system\worker\.venv\Lib\site-packages\transformers\utils\hub.py", line 276, in cached_file
    file = cached_files(path_or_repo_id=path_or_repo_id, filenames=[filename], **kwargs)
  File "C:\Workspace\neko-system\worker\.venv\Lib\site-packages\transformers\utils\hub.py", line 449, in cached_files
    raise OSError(
    ...<4 lines>...
    ) from e
OSError: Helsinki-NLP/opus-mt-ja-ko is not a local folder and is not a valid model identifier listed on 'https://huggingface.co/models'
If this is a private repository, make sure to pass a token having permission to this repo either by logging in with `hf auth login` or by passing `token=<your_token>`
2026-02-08 09:56:56,827 [ERROR] ❌ 챕터 1 번역 실패
2026-02-08 09:56:59,029 [ERROR]    ❌ 모델 로딩 실패: Helsinki-NLP/opus-mt-ja-ko is not a local folder and is not a valid model identifier listed on 'https://huggingface.co/models'
If this is a private repository, make sure to pass a token having permission to this repo either by logging in with `hf auth login` or by passing `token=<your_token>`
2026-02-08 09:56:59,029 [ERROR] Model loading error
Traceback (most recent call last):
  File "C:\Workspace\neko-system\worker\.venv\Lib\site-packages\huggingface_hub\utils\_http.py", line 657, in hf_raise_for_status
    response.raise_for_status()
    ~~~~~~~~~~~~~~~~~~~~~~~~~^^
  File "C:\Workspace\neko-system\worker\.venv\Lib\site-packages\httpx\_models.py", line 829, in raise_for_status
    raise HTTPStatusError(message, request=request, response=self)
httpx.HTTPStatusError: Client error '401 Unauthorized' for url 'https://huggingface.co/Helsinki-NLP/opus-mt-ja-ko/resolve/main/config.json'
For more information check: https://developer.mozilla.org/en-US/docs/Web/HTTP/Status/401

The above exception was the direct cause of the following exception:

Traceback (most recent call last):
  File "C:\Workspace\neko-system\worker\.venv\Lib\site-packages\transformers\utils\hub.py", line 419, in cached_files
    hf_hub_download(
    ~~~~~~~~~~~~~~~^
        path_or_repo_id,
        ^^^^^^^^^^^^^^^^
    ...<9 lines>...
        local_files_only=local_files_only,
        ^^^^^^^^^^^^^^^^^^^^^^^^^^^^^^^^^^
    )
    ^
  File "C:\Workspace\neko-system\worker\.venv\Lib\site-packages\huggingface_hub\utils\_validators.py", line 89, in _inner_fn
    return fn(*args, **kwargs)
  File "C:\Workspace\neko-system\worker\.venv\Lib\site-packages\huggingface_hub\file_download.py", line 1032, in hf_hub_download
    return _hf_hub_download_to_cache_dir(
        # Destination
    ...<15 lines>...
        dry_run=dry_run,
    )
  File "C:\Workspace\neko-system\worker\.venv\Lib\site-packages\huggingface_hub\file_download.py", line 1183, in _hf_hub_download_to_cache_dir
    _raise_on_head_call_error(head_call_error, force_download, local_files_only)
    ~~~~~~~~~~~~~~~~~~~~~~~~~^^^^^^^^^^^^^^^^^^^^^^^^^^^^^^^^^^^^^^^^^^^^^^^^^^^
  File "C:\Workspace\neko-system\worker\.venv\Lib\site-packages\huggingface_hub\file_download.py", line 1812, in _raise_on_head_call_error
    raise head_call_error
  File "C:\Workspace\neko-system\worker\.venv\Lib\site-packages\huggingface_hub\file_download.py", line 1699, in _get_metadata_or_catch_error
    metadata = get_hf_file_metadata(
        url=url,
    ...<4 lines>...
        retry_on_errors=retry_on_errors,
    )
  File "C:\Workspace\neko-system\worker\.venv\Lib\site-packages\huggingface_hub\utils\_validators.py", line 89, in _inner_fn
    return fn(*args, **kwargs)
  File "C:\Workspace\neko-system\worker\.venv\Lib\site-packages\huggingface_hub\file_download.py", line 1622, in get_hf_file_metadata
    response = _httpx_follow_relative_redirects(
        method="HEAD", url=url, headers=hf_headers, timeout=timeout, retry_on_errors=retry_on_errors
    )
  File "C:\Workspace\neko-system\worker\.venv\Lib\site-packages\huggingface_hub\file_download.py", line 309, in _httpx_follow_relative_redirects
    hf_raise_for_status(response)
    ~~~~~~~~~~~~~~~~~~~^^^^^^^^^^
  File "C:\Workspace\neko-system\worker\.venv\Lib\site-packages\huggingface_hub\utils\_http.py", line 710, in hf_raise_for_status
    raise _format(RepositoryNotFoundError, message, response) from e
huggingface_hub.errors.RepositoryNotFoundError: 401 Client Error. (Request ID: Root=1-6987df59-4ee290b67f01f2db3fb86364;7786002f-69c0-414d-86ac-c0a99a12ea66)

Repository Not Found for url: https://huggingface.co/Helsinki-NLP/opus-mt-ja-ko/resolve/main/config.json.
Please make sure you specified the correct `repo_id` and `repo_type`.
If you are trying to access a private or gated repo, make sure you are authenticated. For more details, see https://huggingface.co/docs/huggingface_hub/authentication
Invalid username or password.

The above exception was the direct cause of the following exception:

Traceback (most recent call last):
  File "C:\Workspace\neko-system\worker\translate_worker.py", line 258, in translate_text
    translator = pipeline("translation", model=TRANSLATE_MODEL)
  File "C:\Workspace\neko-system\worker\.venv\Lib\site-packages\transformers\pipelines\__init__.py", line 695, in pipeline
    resolved_config_file = cached_file(
        pretrained_model_name_or_path,
    ...<5 lines>...
        **hub_kwargs,
    )
  File "C:\Workspace\neko-system\worker\.venv\Lib\site-packages\transformers\utils\hub.py", line 276, in cached_file
    file = cached_files(path_or_repo_id=path_or_repo_id, filenames=[filename], **kwargs)
  File "C:\Workspace\neko-system\worker\.venv\Lib\site-packages\transformers\utils\hub.py", line 449, in cached_files
    raise OSError(
    ...<4 lines>...
    ) from e
OSError: Helsinki-NLP/opus-mt-ja-ko is not a local folder and is not a valid model identifier listed on 'https://huggingface.co/models'
If this is a private repository, make sure to pass a token having permission to this repo either by logging in with `hf auth login` or by passing `token=<your_token>`
2026-02-08 09:56:59,032 [ERROR] ❌ 챕터 1 번역 실패
2026-02-08 09:57:01,241 [ERROR]    ❌ 모델 로딩 실패: Helsinki-NLP/opus-mt-ja-ko is not a local folder and is not a valid model identifier listed on 'https://huggingface.co/models'
If this is a private repository, make sure to pass a token having permission to this repo either by logging in with `hf auth login` or by passing `token=<your_token>`
2026-02-08 09:57:01,241 [ERROR] Model loading error
Traceback (most recent call last):
  File "C:\Workspace\neko-system\worker\.venv\Lib\site-packages\huggingface_hub\utils\_http.py", line 657, in hf_raise_for_status
    response.raise_for_status()
    ~~~~~~~~~~~~~~~~~~~~~~~~~^^
  File "C:\Workspace\neko-system\worker\.venv\Lib\site-packages\httpx\_models.py", line 829, in raise_for_status
    raise HTTPStatusError(message, request=request, response=self)
httpx.HTTPStatusError: Client error '401 Unauthorized' for url 'https://huggingface.co/Helsinki-NLP/opus-mt-ja-ko/resolve/main/config.json'
For more information check: https://developer.mozilla.org/en-US/docs/Web/HTTP/Status/401

The above exception was the direct cause of the following exception:

Traceback (most recent call last):
  File "C:\Workspace\neko-system\worker\.venv\Lib\site-packages\transformers\utils\hub.py", line 419, in cached_files
    hf_hub_download(
    ~~~~~~~~~~~~~~~^
        path_or_repo_id,
        ^^^^^^^^^^^^^^^^
    ...<9 lines>...
        local_files_only=local_files_only,
        ^^^^^^^^^^^^^^^^^^^^^^^^^^^^^^^^^^
    )
    ^
  File "C:\Workspace\neko-system\worker\.venv\Lib\site-packages\huggingface_hub\utils\_validators.py", line 89, in _inner_fn
    return fn(*args, **kwargs)
  File "C:\Workspace\neko-system\worker\.venv\Lib\site-packages\huggingface_hub\file_download.py", line 1032, in hf_hub_download
    return _hf_hub_download_to_cache_dir(
        # Destination
    ...<15 lines>...
        dry_run=dry_run,
    )
  File "C:\Workspace\neko-system\worker\.venv\Lib\site-packages\huggingface_hub\file_download.py", line 1183, in _hf_hub_download_to_cache_dir
    _raise_on_head_call_error(head_call_error, force_download, local_files_only)
    ~~~~~~~~~~~~~~~~~~~~~~~~~^^^^^^^^^^^^^^^^^^^^^^^^^^^^^^^^^^^^^^^^^^^^^^^^^^^
  File "C:\Workspace\neko-system\worker\.venv\Lib\site-packages\huggingface_hub\file_download.py", line 1812, in _raise_on_head_call_error
    raise head_call_error
  File "C:\Workspace\neko-system\worker\.venv\Lib\site-packages\huggingface_hub\file_download.py", line 1699, in _get_metadata_or_catch_error
    metadata = get_hf_file_metadata(
        url=url,
    ...<4 lines>...
        retry_on_errors=retry_on_errors,
    )
  File "C:\Workspace\neko-system\worker\.venv\Lib\site-packages\huggingface_hub\utils\_validators.py", line 89, in _inner_fn
    return fn(*args, **kwargs)
  File "C:\Workspace\neko-system\worker\.venv\Lib\site-packages\huggingface_hub\file_download.py", line 1622, in get_hf_file_metadata
    response = _httpx_follow_relative_redirects(
        method="HEAD", url=url, headers=hf_headers, timeout=timeout, retry_on_errors=retry_on_errors
    )
  File "C:\Workspace\neko-system\worker\.venv\Lib\site-packages\huggingface_hub\file_download.py", line 309, in _httpx_follow_relative_redirects
    hf_raise_for_status(response)
    ~~~~~~~~~~~~~~~~~~~^^^^^^^^^^
  File "C:\Workspace\neko-system\worker\.venv\Lib\site-packages\huggingface_hub\utils\_http.py", line 710, in hf_raise_for_status
    raise _format(RepositoryNotFoundError, message, response) from e
huggingface_hub.errors.RepositoryNotFoundError: 401 Client Error. (Request ID: Root=1-6987df5c-40826d7b2eeffa0e68ccdb32;2ae06e36-b9ef-4ce9-b171-7b6d8c1500d1)

Repository Not Found for url: https://huggingface.co/Helsinki-NLP/opus-mt-ja-ko/resolve/main/config.json.
Please make sure you specified the correct `repo_id` and `repo_type`.
If you are trying to access a private or gated repo, make sure you are authenticated. For more details, see https://huggingface.co/docs/huggingface_hub/authentication
Invalid username or password.

The above exception was the direct cause of the following exception:

Traceback (most recent call last):
  File "C:\Workspace\neko-system\worker\translate_worker.py", line 258, in translate_text
    translator = pipeline("translation", model=TRANSLATE_MODEL)
  File "C:\Workspace\neko-system\worker\.venv\Lib\site-packages\transformers\pipelines\__init__.py", line 695, in pipeline
    resolved_config_file = cached_file(
        pretrained_model_name_or_path,
    ...<5 lines>...
        **hub_kwargs,
    )
  File "C:\Workspace\neko-system\worker\.venv\Lib\site-packages\transformers\utils\hub.py", line 276, in cached_file
    file = cached_files(path_or_repo_id=path_or_repo_id, filenames=[filename], **kwargs)
  File "C:\Workspace\neko-system\worker\.venv\Lib\site-packages\transformers\utils\hub.py", line 449, in cached_files
    raise OSError(
    ...<4 lines>...
    ) from e
OSError: Helsinki-NLP/opus-mt-ja-ko is not a local folder and is not a valid model identifier listed on 'https://huggingface.co/models'
If this is a private repository, make sure to pass a token having permission to this repo either by logging in with `hf auth login` or by passing `token=<your_token>`
2026-02-08 09:57:01,244 [ERROR] ❌ 챕터 1 번역 실패
2026-02-08 09:57:03,450 [ERROR]    ❌ 모델 로딩 실패: Helsinki-NLP/opus-mt-ja-ko is not a local folder and is not a valid model identifier listed on 'https://huggingface.co/models'
If this is a private repository, make sure to pass a token having permission to this repo either by logging in with `hf auth login` or by passing `token=<your_token>`
2026-02-08 09:57:03,450 [ERROR] Model loading error
Traceback (most recent call last):
  File "C:\Workspace\neko-system\worker\.venv\Lib\site-packages\huggingface_hub\utils\_http.py", line 657, in hf_raise_for_status
    response.raise_for_status()
    ~~~~~~~~~~~~~~~~~~~~~~~~~^^
  File "C:\Workspace\neko-system\worker\.venv\Lib\site-packages\httpx\_models.py", line 829, in raise_for_status
    raise HTTPStatusError(message, request=request, response=self)
httpx.HTTPStatusError: Client error '401 Unauthorized' for url 'https://huggingface.co/Helsinki-NLP/opus-mt-ja-ko/resolve/main/config.json'
For more information check: https://developer.mozilla.org/en-US/docs/Web/HTTP/Status/401

The above exception was the direct cause of the following exception:

Traceback (most recent call last):
  File "C:\Workspace\neko-system\worker\.venv\Lib\site-packages\transformers\utils\hub.py", line 419, in cached_files
    hf_hub_download(
    ~~~~~~~~~~~~~~~^
        path_or_repo_id,
        ^^^^^^^^^^^^^^^^
    ...<9 lines>...
        local_files_only=local_files_only,
        ^^^^^^^^^^^^^^^^^^^^^^^^^^^^^^^^^^
    )
    ^
  File "C:\Workspace\neko-system\worker\.venv\Lib\site-packages\huggingface_hub\utils\_validators.py", line 89, in _inner_fn
    return fn(*args, **kwargs)
  File "C:\Workspace\neko-system\worker\.venv\Lib\site-packages\huggingface_hub\file_download.py", line 1032, in hf_hub_download
    return _hf_hub_download_to_cache_dir(
        # Destination
    ...<15 lines>...
        dry_run=dry_run,
    )
  File "C:\Workspace\neko-system\worker\.venv\Lib\site-packages\huggingface_hub\file_download.py", line 1183, in _hf_hub_download_to_cache_dir
    _raise_on_head_call_error(head_call_error, force_download, local_files_only)
    ~~~~~~~~~~~~~~~~~~~~~~~~~^^^^^^^^^^^^^^^^^^^^^^^^^^^^^^^^^^^^^^^^^^^^^^^^^^^
  File "C:\Workspace\neko-system\worker\.venv\Lib\site-packages\huggingface_hub\file_download.py", line 1812, in _raise_on_head_call_error
    raise head_call_error
  File "C:\Workspace\neko-system\worker\.venv\Lib\site-packages\huggingface_hub\file_download.py", line 1699, in _get_metadata_or_catch_error
    metadata = get_hf_file_metadata(
        url=url,
    ...<4 lines>...
        retry_on_errors=retry_on_errors,
    )
  File "C:\Workspace\neko-system\worker\.venv\Lib\site-packages\huggingface_hub\utils\_validators.py", line 89, in _inner_fn
    return fn(*args, **kwargs)
  File "C:\Workspace\neko-system\worker\.venv\Lib\site-packages\huggingface_hub\file_download.py", line 1622, in get_hf_file_metadata
    response = _httpx_follow_relative_redirects(
        method="HEAD", url=url, headers=hf_headers, timeout=timeout, retry_on_errors=retry_on_errors
    )
  File "C:\Workspace\neko-system\worker\.venv\Lib\site-packages\huggingface_hub\file_download.py", line 309, in _httpx_follow_relative_redirects
    hf_raise_for_status(response)
    ~~~~~~~~~~~~~~~~~~~^^^^^^^^^^
  File "C:\Workspace\neko-system\worker\.venv\Lib\site-packages\huggingface_hub\utils\_http.py", line 710, in hf_raise_for_status
    raise _format(RepositoryNotFoundError, message, response) from e
huggingface_hub.errors.RepositoryNotFoundError: 401 Client Error. (Request ID: Root=1-6987df5e-42e1bd924133506662bc29ce;152d9252-9046-4923-b832-a094b74d26cf)

Repository Not Found for url: https://huggingface.co/Helsinki-NLP/opus-mt-ja-ko/resolve/main/config.json.
Please make sure you specified the correct `repo_id` and `repo_type`.
If you are trying to access a private or gated repo, make sure you are authenticated. For more details, see https://huggingface.co/docs/huggingface_hub/authentication
Invalid username or password.

The above exception was the direct cause of the following exception:

Traceback (most recent call last):
  File "C:\Workspace\neko-system\worker\translate_worker.py", line 258, in translate_text
    translator = pipeline("translation", model=TRANSLATE_MODEL)
  File "C:\Workspace\neko-system\worker\.venv\Lib\site-packages\transformers\pipelines\__init__.py", line 695, in pipeline
    resolved_config_file = cached_file(
        pretrained_model_name_or_path,
    ...<5 lines>...
        **hub_kwargs,
    )
  File "C:\Workspace\neko-system\worker\.venv\Lib\site-packages\transformers\utils\hub.py", line 276, in cached_file
    file = cached_files(path_or_repo_id=path_or_repo_id, filenames=[filename], **kwargs)
  File "C:\Workspace\neko-system\worker\.venv\Lib\site-packages\transformers\utils\hub.py", line 449, in cached_files
    raise OSError(
    ...<4 lines>...
    ) from e
OSError: Helsinki-NLP/opus-mt-ja-ko is not a local folder and is not a valid model identifier listed on 'https://huggingface.co/models'
If this is a private repository, make sure to pass a token having permission to this repo either by logging in with `hf auth login` or by passing `token=<your_token>`
2026-02-08 09:57:03,453 [ERROR] ❌ 챕터 1 번역 실패
2026-02-08 09:57:05,658 [ERROR]    ❌ 모델 로딩 실패: Helsinki-NLP/opus-mt-ja-ko is not a local folder and is not a valid model identifier listed on 'https://huggingface.co/models'
If this is a private repository, make sure to pass a token having permission to this repo either by logging in with `hf auth login` or by passing `token=<your_token>`
2026-02-08 09:57:05,658 [ERROR] Model loading error
Traceback (most recent call last):
  File "C:\Workspace\neko-system\worker\.venv\Lib\site-packages\huggingface_hub\utils\_http.py", line 657, in hf_raise_for_status
    response.raise_for_status()
    ~~~~~~~~~~~~~~~~~~~~~~~~~^^
  File "C:\Workspace\neko-system\worker\.venv\Lib\site-packages\httpx\_models.py", line 829, in raise_for_status
    raise HTTPStatusError(message, request=request, response=self)
httpx.HTTPStatusError: Client error '401 Unauthorized' for url 'https://huggingface.co/Helsinki-NLP/opus-mt-ja-ko/resolve/main/config.json'
For more information check: https://developer.mozilla.org/en-US/docs/Web/HTTP/Status/401

The above exception was the direct cause of the following exception:

Traceback (most recent call last):
  File "C:\Workspace\neko-system\worker\.venv\Lib\site-packages\transformers\utils\hub.py", line 419, in cached_files
    hf_hub_download(
    ~~~~~~~~~~~~~~~^
        path_or_repo_id,
        ^^^^^^^^^^^^^^^^
    ...<9 lines>...
        local_files_only=local_files_only,
        ^^^^^^^^^^^^^^^^^^^^^^^^^^^^^^^^^^
    )
    ^
  File "C:\Workspace\neko-system\worker\.venv\Lib\site-packages\huggingface_hub\utils\_validators.py", line 89, in _inner_fn
    return fn(*args, **kwargs)
  File "C:\Workspace\neko-system\worker\.venv\Lib\site-packages\huggingface_hub\file_download.py", line 1032, in hf_hub_download
    return _hf_hub_download_to_cache_dir(
        # Destination
    ...<15 lines>...
        dry_run=dry_run,
    )
  File "C:\Workspace\neko-system\worker\.venv\Lib\site-packages\huggingface_hub\file_download.py", line 1183, in _hf_hub_download_to_cache_dir
    _raise_on_head_call_error(head_call_error, force_download, local_files_only)
    ~~~~~~~~~~~~~~~~~~~~~~~~~^^^^^^^^^^^^^^^^^^^^^^^^^^^^^^^^^^^^^^^^^^^^^^^^^^^
  File "C:\Workspace\neko-system\worker\.venv\Lib\site-packages\huggingface_hub\file_download.py", line 1812, in _raise_on_head_call_error
    raise head_call_error
  File "C:\Workspace\neko-system\worker\.venv\Lib\site-packages\huggingface_hub\file_download.py", line 1699, in _get_metadata_or_catch_error
    metadata = get_hf_file_metadata(
        url=url,
    ...<4 lines>...
        retry_on_errors=retry_on_errors,
    )
  File "C:\Workspace\neko-system\worker\.venv\Lib\site-packages\huggingface_hub\utils\_validators.py", line 89, in _inner_fn
    return fn(*args, **kwargs)
  File "C:\Workspace\neko-system\worker\.venv\Lib\site-packages\huggingface_hub\file_download.py", line 1622, in get_hf_file_metadata
    response = _httpx_follow_relative_redirects(
        method="HEAD", url=url, headers=hf_headers, timeout=timeout, retry_on_errors=retry_on_errors
    )
  File "C:\Workspace\neko-system\worker\.venv\Lib\site-packages\huggingface_hub\file_download.py", line 309, in _httpx_follow_relative_redirects
    hf_raise_for_status(response)
    ~~~~~~~~~~~~~~~~~~~^^^^^^^^^^
  File "C:\Workspace\neko-system\worker\.venv\Lib\site-packages\huggingface_hub\utils\_http.py", line 710, in hf_raise_for_status
    raise _format(RepositoryNotFoundError, message, response) from e
huggingface_hub.errors.RepositoryNotFoundError: 401 Client Error. (Request ID: Root=1-6987df60-3c6a3ae148ad0c91067c0ca3;4e9383a7-f7fd-4bc4-80ee-2f58bb4480dd)

Repository Not Found for url: https://huggingface.co/Helsinki-NLP/opus-mt-ja-ko/resolve/main/config.json.
Please make sure you specified the correct `repo_id` and `repo_type`.
If you are trying to access a private or gated repo, make sure you are authenticated. For more details, see https://huggingface.co/docs/huggingface_hub/authentication
Invalid username or password.

The above exception was the direct cause of the following exception:

Traceback (most recent call last):
  File "C:\Workspace\neko-system\worker\translate_worker.py", line 258, in translate_text
    translator = pipeline("translation", model=TRANSLATE_MODEL)
  File "C:\Workspace\neko-system\worker\.venv\Lib\site-packages\transformers\pipelines\__init__.py", line 695, in pipeline
    resolved_config_file = cached_file(
        pretrained_model_name_or_path,
    ...<5 lines>...
        **hub_kwargs,
    )
  File "C:\Workspace\neko-system\worker\.venv\Lib\site-packages\transformers\utils\hub.py", line 276, in cached_file
    file = cached_files(path_or_repo_id=path_or_repo_id, filenames=[filename], **kwargs)
  File "C:\Workspace\neko-system\worker\.venv\Lib\site-packages\transformers\utils\hub.py", line 449, in cached_files
    raise OSError(
    ...<4 lines>...
    ) from e
OSError: Helsinki-NLP/opus-mt-ja-ko is not a local folder and is not a valid model identifier listed on 'https://huggingface.co/models'
If this is a private repository, make sure to pass a token having permission to this repo either by logging in with `hf auth login` or by passing `token=<your_token>`
2026-02-08 09:57:05,661 [ERROR] ❌ 챕터 1 번역 실패
2026-02-08 09:57:07,891 [ERROR]    ❌ 모델 로딩 실패: Helsinki-NLP/opus-mt-ja-ko is not a local folder and is not a valid model identifier listed on 'https://huggingface.co/models'
If this is a private repository, make sure to pass a token having permission to this repo either by logging in with `hf auth login` or by passing `token=<your_token>`
2026-02-08 09:57:07,892 [ERROR] Model loading error
Traceback (most recent call last):
  File "C:\Workspace\neko-system\worker\.venv\Lib\site-packages\huggingface_hub\utils\_http.py", line 657, in hf_raise_for_status
    response.raise_for_status()
    ~~~~~~~~~~~~~~~~~~~~~~~~~^^
  File "C:\Workspace\neko-system\worker\.venv\Lib\site-packages\httpx\_models.py", line 829, in raise_for_status
    raise HTTPStatusError(message, request=request, response=self)
httpx.HTTPStatusError: Client error '401 Unauthorized' for url 'https://huggingface.co/Helsinki-NLP/opus-mt-ja-ko/resolve/main/config.json'
For more information check: https://developer.mozilla.org/en-US/docs/Web/HTTP/Status/401

The above exception was the direct cause of the following exception:

Traceback (most recent call last):
  File "C:\Workspace\neko-system\worker\.venv\Lib\site-packages\transformers\utils\hub.py", line 419, in cached_files
    hf_hub_download(
    ~~~~~~~~~~~~~~~^
        path_or_repo_id,
        ^^^^^^^^^^^^^^^^
    ...<9 lines>...
        local_files_only=local_files_only,
        ^^^^^^^^^^^^^^^^^^^^^^^^^^^^^^^^^^
    )
    ^
  File "C:\Workspace\neko-system\worker\.venv\Lib\site-packages\huggingface_hub\utils\_validators.py", line 89, in _inner_fn
    return fn(*args, **kwargs)
  File "C:\Workspace\neko-system\worker\.venv\Lib\site-packages\huggingface_hub\file_download.py", line 1032, in hf_hub_download
    return _hf_hub_download_to_cache_dir(
        # Destination
    ...<15 lines>...
        dry_run=dry_run,
    )
  File "C:\Workspace\neko-system\worker\.venv\Lib\site-packages\huggingface_hub\file_download.py", line 1183, in _hf_hub_download_to_cache_dir
    _raise_on_head_call_error(head_call_error, force_download, local_files_only)
    ~~~~~~~~~~~~~~~~~~~~~~~~~^^^^^^^^^^^^^^^^^^^^^^^^^^^^^^^^^^^^^^^^^^^^^^^^^^^
  File "C:\Workspace\neko-system\worker\.venv\Lib\site-packages\huggingface_hub\file_download.py", line 1812, in _raise_on_head_call_error
    raise head_call_error
  File "C:\Workspace\neko-system\worker\.venv\Lib\site-packages\huggingface_hub\file_download.py", line 1699, in _get_metadata_or_catch_error
    metadata = get_hf_file_metadata(
        url=url,
    ...<4 lines>...
        retry_on_errors=retry_on_errors,
    )
  File "C:\Workspace\neko-system\worker\.venv\Lib\site-packages\huggingface_hub\utils\_validators.py", line 89, in _inner_fn
    return fn(*args, **kwargs)
  File "C:\Workspace\neko-system\worker\.venv\Lib\site-packages\huggingface_hub\file_download.py", line 1622, in get_hf_file_metadata
    response = _httpx_follow_relative_redirects(
        method="HEAD", url=url, headers=hf_headers, timeout=timeout, retry_on_errors=retry_on_errors
    )
  File "C:\Workspace\neko-system\worker\.venv\Lib\site-packages\huggingface_hub\file_download.py", line 309, in _httpx_follow_relative_redirects
    hf_raise_for_status(response)
    ~~~~~~~~~~~~~~~~~~~^^^^^^^^^^
  File "C:\Workspace\neko-system\worker\.venv\Lib\site-packages\huggingface_hub\utils\_http.py", line 710, in hf_raise_for_status
    raise _format(RepositoryNotFoundError, message, response) from e
huggingface_hub.errors.RepositoryNotFoundError: 401 Client Error. (Request ID: Root=1-6987df62-48fc4fb3561539da05480324;44f1a34a-2839-4ddd-8cf2-039e55716e40)

Repository Not Found for url: https://huggingface.co/Helsinki-NLP/opus-mt-ja-ko/resolve/main/config.json.
Please make sure you specified the correct `repo_id` and `repo_type`.
If you are trying to access a private or gated repo, make sure you are authenticated. For more details, see https://huggingface.co/docs/huggingface_hub/authentication
Invalid username or password.

The above exception was the direct cause of the following exception:

Traceback (most recent call last):
  File "C:\Workspace\neko-system\worker\translate_worker.py", line 258, in translate_text
    translator = pipeline("translation", model=TRANSLATE_MODEL)
  File "C:\Workspace\neko-system\worker\.venv\Lib\site-packages\transformers\pipelines\__init__.py", line 695, in pipeline
    resolved_config_file = cached_file(
        pretrained_model_name_or_path,
    ...<5 lines>...
        **hub_kwargs,
    )
  File "C:\Workspace\neko-system\worker\.venv\Lib\site-packages\transformers\utils\hub.py", line 276, in cached_file
    file = cached_files(path_or_repo_id=path_or_repo_id, filenames=[filename], **kwargs)
  File "C:\Workspace\neko-system\worker\.venv\Lib\site-packages\transformers\utils\hub.py", line 449, in cached_files
    raise OSError(
    ...<4 lines>...
    ) from e
OSError: Helsinki-NLP/opus-mt-ja-ko is not a local folder and is not a valid model identifier listed on 'https://huggingface.co/models'
If this is a private repository, make sure to pass a token having permission to this repo either by logging in with `hf auth login` or by passing `token=<your_token>`
2026-02-08 09:57:07,895 [ERROR] ❌ 챕터 1 번역 실패
2026-02-08 09:57:10,101 [ERROR]    ❌ 모델 로딩 실패: Helsinki-NLP/opus-mt-ja-ko is not a local folder and is not a valid model identifier listed on 'https://huggingface.co/models'
If this is a private repository, make sure to pass a token having permission to this repo either by logging in with `hf auth login` or by passing `token=<your_token>`
2026-02-08 09:57:10,101 [ERROR] Model loading error
Traceback (most recent call last):
  File "C:\Workspace\neko-system\worker\.venv\Lib\site-packages\huggingface_hub\utils\_http.py", line 657, in hf_raise_for_status
    response.raise_for_status()
    ~~~~~~~~~~~~~~~~~~~~~~~~~^^
  File "C:\Workspace\neko-system\worker\.venv\Lib\site-packages\httpx\_models.py", line 829, in raise_for_status
    raise HTTPStatusError(message, request=request, response=self)
httpx.HTTPStatusError: Client error '401 Unauthorized' for url 'https://huggingface.co/Helsinki-NLP/opus-mt-ja-ko/resolve/main/config.json'
For more information check: https://developer.mozilla.org/en-US/docs/Web/HTTP/Status/401

The above exception was the direct cause of the following exception:

Traceback (most recent call last):
  File "C:\Workspace\neko-system\worker\.venv\Lib\site-packages\transformers\utils\hub.py", line 419, in cached_files
    hf_hub_download(
    ~~~~~~~~~~~~~~~^
        path_or_repo_id,
        ^^^^^^^^^^^^^^^^
    ...<9 lines>...
        local_files_only=local_files_only,
        ^^^^^^^^^^^^^^^^^^^^^^^^^^^^^^^^^^
    )
    ^
  File "C:\Workspace\neko-system\worker\.venv\Lib\site-packages\huggingface_hub\utils\_validators.py", line 89, in _inner_fn
    return fn(*args, **kwargs)
  File "C:\Workspace\neko-system\worker\.venv\Lib\site-packages\huggingface_hub\file_download.py", line 1032, in hf_hub_download
    return _hf_hub_download_to_cache_dir(
        # Destination
    ...<15 lines>...
        dry_run=dry_run,
    )
  File "C:\Workspace\neko-system\worker\.venv\Lib\site-packages\huggingface_hub\file_download.py", line 1183, in _hf_hub_download_to_cache_dir
    _raise_on_head_call_error(head_call_error, force_download, local_files_only)
    ~~~~~~~~~~~~~~~~~~~~~~~~~^^^^^^^^^^^^^^^^^^^^^^^^^^^^^^^^^^^^^^^^^^^^^^^^^^^
  File "C:\Workspace\neko-system\worker\.venv\Lib\site-packages\huggingface_hub\file_download.py", line 1812, in _raise_on_head_call_error
    raise head_call_error
  File "C:\Workspace\neko-system\worker\.venv\Lib\site-packages\huggingface_hub\file_download.py", line 1699, in _get_metadata_or_catch_error
    metadata = get_hf_file_metadata(
        url=url,
    ...<4 lines>...
        retry_on_errors=retry_on_errors,
    )
  File "C:\Workspace\neko-system\worker\.venv\Lib\site-packages\huggingface_hub\utils\_validators.py", line 89, in _inner_fn
    return fn(*args, **kwargs)
  File "C:\Workspace\neko-system\worker\.venv\Lib\site-packages\huggingface_hub\file_download.py", line 1622, in get_hf_file_metadata
    response = _httpx_follow_relative_redirects(
        method="HEAD", url=url, headers=hf_headers, timeout=timeout, retry_on_errors=retry_on_errors
    )
  File "C:\Workspace\neko-system\worker\.venv\Lib\site-packages\huggingface_hub\file_download.py", line 309, in _httpx_follow_relative_redirects
    hf_raise_for_status(response)
    ~~~~~~~~~~~~~~~~~~~^^^^^^^^^^
  File "C:\Workspace\neko-system\worker\.venv\Lib\site-packages\huggingface_hub\utils\_http.py", line 710, in hf_raise_for_status
    raise _format(RepositoryNotFoundError, message, response) from e
huggingface_hub.errors.RepositoryNotFoundError: 401 Client Error. (Request ID: Root=1-6987df65-55271a9f5ee9298177fecc12;b127709a-ddeb-4a67-a452-a8dbb928c767)

Repository Not Found for url: https://huggingface.co/Helsinki-NLP/opus-mt-ja-ko/resolve/main/config.json.
Please make sure you specified the correct `repo_id` and `repo_type`.
If you are trying to access a private or gated repo, make sure you are authenticated. For more details, see https://huggingface.co/docs/huggingface_hub/authentication
Invalid username or password.

The above exception was the direct cause of the following exception:

Traceback (most recent call last):
  File "C:\Workspace\neko-system\worker\translate_worker.py", line 258, in translate_text
    translator = pipeline("translation", model=TRANSLATE_MODEL)
  File "C:\Workspace\neko-system\worker\.venv\Lib\site-packages\transformers\pipelines\__init__.py", line 695, in pipeline
    resolved_config_file = cached_file(
        pretrained_model_name_or_path,
    ...<5 lines>...
        **hub_kwargs,
    )
  File "C:\Workspace\neko-system\worker\.venv\Lib\site-packages\transformers\utils\hub.py", line 276, in cached_file
    file = cached_files(path_or_repo_id=path_or_repo_id, filenames=[filename], **kwargs)
  File "C:\Workspace\neko-system\worker\.venv\Lib\site-packages\transformers\utils\hub.py", line 449, in cached_files
    raise OSError(
    ...<4 lines>...
    ) from e
OSError: Helsinki-NLP/opus-mt-ja-ko is not a local folder and is not a valid model identifier listed on 'https://huggingface.co/models'
If this is a private repository, make sure to pass a token having permission to this repo either by logging in with `hf auth login` or by passing `token=<your_token>`
2026-02-08 09:57:10,104 [ERROR] ❌ 챕터 1 번역 실패
2026-02-08 09:57:12,309 [ERROR]    ❌ 모델 로딩 실패: Helsinki-NLP/opus-mt-ja-ko is not a local folder and is not a valid model identifier listed on 'https://huggingface.co/models'
If this is a private repository, make sure to pass a token having permission to this repo either by logging in with `hf auth login` or by passing `token=<your_token>`
2026-02-08 09:57:12,309 [ERROR] Model loading error
Traceback (most recent call last):
  File "C:\Workspace\neko-system\worker\.venv\Lib\site-packages\huggingface_hub\utils\_http.py", line 657, in hf_raise_for_status
    response.raise_for_status()
    ~~~~~~~~~~~~~~~~~~~~~~~~~^^
  File "C:\Workspace\neko-system\worker\.venv\Lib\site-packages\httpx\_models.py", line 829, in raise_for_status
    raise HTTPStatusError(message, request=request, response=self)
httpx.HTTPStatusError: Client error '401 Unauthorized' for url 'https://huggingface.co/Helsinki-NLP/opus-mt-ja-ko/resolve/main/config.json'
For more information check: https://developer.mozilla.org/en-US/docs/Web/HTTP/Status/401

The above exception was the direct cause of the following exception:

Traceback (most recent call last):
  File "C:\Workspace\neko-system\worker\.venv\Lib\site-packages\transformers\utils\hub.py", line 419, in cached_files
    hf_hub_download(
    ~~~~~~~~~~~~~~~^
        path_or_repo_id,
        ^^^^^^^^^^^^^^^^
    ...<9 lines>...
        local_files_only=local_files_only,
        ^^^^^^^^^^^^^^^^^^^^^^^^^^^^^^^^^^
    )
    ^
  File "C:\Workspace\neko-system\worker\.venv\Lib\site-packages\huggingface_hub\utils\_validators.py", line 89, in _inner_fn
    return fn(*args, **kwargs)
  File "C:\Workspace\neko-system\worker\.venv\Lib\site-packages\huggingface_hub\file_download.py", line 1032, in hf_hub_download
    return _hf_hub_download_to_cache_dir(
        # Destination
    ...<15 lines>...
        dry_run=dry_run,
    )
  File "C:\Workspace\neko-system\worker\.venv\Lib\site-packages\huggingface_hub\file_download.py", line 1183, in _hf_hub_download_to_cache_dir
    _raise_on_head_call_error(head_call_error, force_download, local_files_only)
    ~~~~~~~~~~~~~~~~~~~~~~~~~^^^^^^^^^^^^^^^^^^^^^^^^^^^^^^^^^^^^^^^^^^^^^^^^^^^
  File "C:\Workspace\neko-system\worker\.venv\Lib\site-packages\huggingface_hub\file_download.py", line 1812, in _raise_on_head_call_error
    raise head_call_error
  File "C:\Workspace\neko-system\worker\.venv\Lib\site-packages\huggingface_hub\file_download.py", line 1699, in _get_metadata_or_catch_error
    metadata = get_hf_file_metadata(
        url=url,
    ...<4 lines>...
        retry_on_errors=retry_on_errors,
    )
  File "C:\Workspace\neko-system\worker\.venv\Lib\site-packages\huggingface_hub\utils\_validators.py", line 89, in _inner_fn
    return fn(*args, **kwargs)
  File "C:\Workspace\neko-system\worker\.venv\Lib\site-packages\huggingface_hub\file_download.py", line 1622, in get_hf_file_metadata
    response = _httpx_follow_relative_redirects(
        method="HEAD", url=url, headers=hf_headers, timeout=timeout, retry_on_errors=retry_on_errors
    )
  File "C:\Workspace\neko-system\worker\.venv\Lib\site-packages\huggingface_hub\file_download.py", line 309, in _httpx_follow_relative_redirects
    hf_raise_for_status(response)
    ~~~~~~~~~~~~~~~~~~~^^^^^^^^^^
  File "C:\Workspace\neko-system\worker\.venv\Lib\site-packages\huggingface_hub\utils\_http.py", line 710, in hf_raise_for_status
    raise _format(RepositoryNotFoundError, message, response) from e
huggingface_hub.errors.RepositoryNotFoundError: 401 Client Error. (Request ID: Root=1-6987df67-1719a2dd381d6e8d21b043cc;6b2418b0-1192-4020-93d9-10b047a59855)

Repository Not Found for url: https://huggingface.co/Helsinki-NLP/opus-mt-ja-ko/resolve/main/config.json.
Please make sure you specified the correct `repo_id` and `repo_type`.
If you are trying to access a private or gated repo, make sure you are authenticated. For more details, see https://huggingface.co/docs/huggingface_hub/authentication
Invalid username or password.

The above exception was the direct cause of the following exception:

Traceback (most recent call last):
  File "C:\Workspace\neko-system\worker\translate_worker.py", line 258, in translate_text
    translator = pipeline("translation", model=TRANSLATE_MODEL)
  File "C:\Workspace\neko-system\worker\.venv\Lib\site-packages\transformers\pipelines\__init__.py", line 695, in pipeline
    resolved_config_file = cached_file(
        pretrained_model_name_or_path,
    ...<5 lines>...
        **hub_kwargs,
    )
  File "C:\Workspace\neko-system\worker\.venv\Lib\site-packages\transformers\utils\hub.py", line 276, in cached_file
    file = cached_files(path_or_repo_id=path_or_repo_id, filenames=[filename], **kwargs)
  File "C:\Workspace\neko-system\worker\.venv\Lib\site-packages\transformers\utils\hub.py", line 449, in cached_files
    raise OSError(
    ...<4 lines>...
    ) from e
OSError: Helsinki-NLP/opus-mt-ja-ko is not a local folder and is not a valid model identifier listed on 'https://huggingface.co/models'
If this is a private repository, make sure to pass a token having permission to this repo either by logging in with `hf auth login` or by passing `token=<your_token>`
2026-02-08 09:57:12,312 [ERROR] ❌ 챕터 1 번역 실패
2026-02-08 09:57:14,512 [ERROR]    ❌ 모델 로딩 실패: Helsinki-NLP/opus-mt-ja-ko is not a local folder and is not a valid model identifier listed on 'https://huggingface.co/models'
If this is a private repository, make sure to pass a token having permission to this repo either by logging in with `hf auth login` or by passing `token=<your_token>`
2026-02-08 09:57:14,513 [ERROR] Model loading error
Traceback (most recent call last):
  File "C:\Workspace\neko-system\worker\.venv\Lib\site-packages\huggingface_hub\utils\_http.py", line 657, in hf_raise_for_status
    response.raise_for_status()
    ~~~~~~~~~~~~~~~~~~~~~~~~~^^
  File "C:\Workspace\neko-system\worker\.venv\Lib\site-packages\httpx\_models.py", line 829, in raise_for_status
    raise HTTPStatusError(message, request=request, response=self)
httpx.HTTPStatusError: Client error '401 Unauthorized' for url 'https://huggingface.co/Helsinki-NLP/opus-mt-ja-ko/resolve/main/config.json'
For more information check: https://developer.mozilla.org/en-US/docs/Web/HTTP/Status/401

The above exception was the direct cause of the following exception:

Traceback (most recent call last):
  File "C:\Workspace\neko-system\worker\.venv\Lib\site-packages\transformers\utils\hub.py", line 419, in cached_files
    hf_hub_download(
    ~~~~~~~~~~~~~~~^
        path_or_repo_id,
        ^^^^^^^^^^^^^^^^
    ...<9 lines>...
        local_files_only=local_files_only,
        ^^^^^^^^^^^^^^^^^^^^^^^^^^^^^^^^^^
    )
    ^
  File "C:\Workspace\neko-system\worker\.venv\Lib\site-packages\huggingface_hub\utils\_validators.py", line 89, in _inner_fn
    return fn(*args, **kwargs)
  File "C:\Workspace\neko-system\worker\.venv\Lib\site-packages\huggingface_hub\file_download.py", line 1032, in hf_hub_download
    return _hf_hub_download_to_cache_dir(
        # Destination
    ...<15 lines>...
        dry_run=dry_run,
    )
  File "C:\Workspace\neko-system\worker\.venv\Lib\site-packages\huggingface_hub\file_download.py", line 1183, in _hf_hub_download_to_cache_dir
    _raise_on_head_call_error(head_call_error, force_download, local_files_only)
    ~~~~~~~~~~~~~~~~~~~~~~~~~^^^^^^^^^^^^^^^^^^^^^^^^^^^^^^^^^^^^^^^^^^^^^^^^^^^
  File "C:\Workspace\neko-system\worker\.venv\Lib\site-packages\huggingface_hub\file_download.py", line 1812, in _raise_on_head_call_error
    raise head_call_error
  File "C:\Workspace\neko-system\worker\.venv\Lib\site-packages\huggingface_hub\file_download.py", line 1699, in _get_metadata_or_catch_error
    metadata = get_hf_file_metadata(
        url=url,
    ...<4 lines>...
        retry_on_errors=retry_on_errors,
    )
  File "C:\Workspace\neko-system\worker\.venv\Lib\site-packages\huggingface_hub\utils\_validators.py", line 89, in _inner_fn
    return fn(*args, **kwargs)
  File "C:\Workspace\neko-system\worker\.venv\Lib\site-packages\huggingface_hub\file_download.py", line 1622, in get_hf_file_metadata
    response = _httpx_follow_relative_redirects(
        method="HEAD", url=url, headers=hf_headers, timeout=timeout, retry_on_errors=retry_on_errors
    )
  File "C:\Workspace\neko-system\worker\.venv\Lib\site-packages\huggingface_hub\file_download.py", line 309, in _httpx_follow_relative_redirects
    hf_raise_for_status(response)
    ~~~~~~~~~~~~~~~~~~~^^^^^^^^^^
  File "C:\Workspace\neko-system\worker\.venv\Lib\site-packages\huggingface_hub\utils\_http.py", line 710, in hf_raise_for_status
    raise _format(RepositoryNotFoundError, message, response) from e
huggingface_hub.errors.RepositoryNotFoundError: 401 Client Error. (Request ID: Root=1-6987df69-5048d40e5607511736843cfc;130c5124-8c08-40b9-a22d-9fea5a43c80d)

Repository Not Found for url: https://huggingface.co/Helsinki-NLP/opus-mt-ja-ko/resolve/main/config.json.
Please make sure you specified the correct `repo_id` and `repo_type`.
If you are trying to access a private or gated repo, make sure you are authenticated. For more details, see https://huggingface.co/docs/huggingface_hub/authentication
Invalid username or password.

The above exception was the direct cause of the following exception:

Traceback (most recent call last):
  File "C:\Workspace\neko-system\worker\translate_worker.py", line 258, in translate_text
    translator = pipeline("translation", model=TRANSLATE_MODEL)
  File "C:\Workspace\neko-system\worker\.venv\Lib\site-packages\transformers\pipelines\__init__.py", line 695, in pipeline
    resolved_config_file = cached_file(
        pretrained_model_name_or_path,
    ...<5 lines>...
        **hub_kwargs,
    )
  File "C:\Workspace\neko-system\worker\.venv\Lib\site-packages\transformers\utils\hub.py", line 276, in cached_file
    file = cached_files(path_or_repo_id=path_or_repo_id, filenames=[filename], **kwargs)
  File "C:\Workspace\neko-system\worker\.venv\Lib\site-packages\transformers\utils\hub.py", line 449, in cached_files
    raise OSError(
    ...<4 lines>...
    ) from e
OSError: Helsinki-NLP/opus-mt-ja-ko is not a local folder and is not a valid model identifier listed on 'https://huggingface.co/models'
If this is a private repository, make sure to pass a token having permission to this repo either by logging in with `hf auth login` or by passing `token=<your_token>`
2026-02-08 09:57:14,516 [ERROR] ❌ 챕터 1 번역 실패
2026-02-08 09:57:16,721 [ERROR]    ❌ 모델 로딩 실패: Helsinki-NLP/opus-mt-ja-ko is not a local folder and is not a valid model identifier listed on 'https://huggingface.co/models'
If this is a private repository, make sure to pass a token having permission to this repo either by logging in with `hf auth login` or by passing `token=<your_token>`
2026-02-08 09:57:16,722 [ERROR] Model loading error
Traceback (most recent call last):
  File "C:\Workspace\neko-system\worker\.venv\Lib\site-packages\huggingface_hub\utils\_http.py", line 657, in hf_raise_for_status
    response.raise_for_status()
    ~~~~~~~~~~~~~~~~~~~~~~~~~^^
  File "C:\Workspace\neko-system\worker\.venv\Lib\site-packages\httpx\_models.py", line 829, in raise_for_status
    raise HTTPStatusError(message, request=request, response=self)
httpx.HTTPStatusError: Client error '401 Unauthorized' for url 'https://huggingface.co/Helsinki-NLP/opus-mt-ja-ko/resolve/main/config.json'
For more information check: https://developer.mozilla.org/en-US/docs/Web/HTTP/Status/401

The above exception was the direct cause of the following exception:

Traceback (most recent call last):
  File "C:\Workspace\neko-system\worker\.venv\Lib\site-packages\transformers\utils\hub.py", line 419, in cached_files
    hf_hub_download(
    ~~~~~~~~~~~~~~~^
        path_or_repo_id,
        ^^^^^^^^^^^^^^^^
    ...<9 lines>...
        local_files_only=local_files_only,
        ^^^^^^^^^^^^^^^^^^^^^^^^^^^^^^^^^^
    )
    ^
  File "C:\Workspace\neko-system\worker\.venv\Lib\site-packages\huggingface_hub\utils\_validators.py", line 89, in _inner_fn
    return fn(*args, **kwargs)
  File "C:\Workspace\neko-system\worker\.venv\Lib\site-packages\huggingface_hub\file_download.py", line 1032, in hf_hub_download
    return _hf_hub_download_to_cache_dir(
        # Destination
    ...<15 lines>...
        dry_run=dry_run,
    )
  File "C:\Workspace\neko-system\worker\.venv\Lib\site-packages\huggingface_hub\file_download.py", line 1183, in _hf_hub_download_to_cache_dir
    _raise_on_head_call_error(head_call_error, force_download, local_files_only)
    ~~~~~~~~~~~~~~~~~~~~~~~~~^^^^^^^^^^^^^^^^^^^^^^^^^^^^^^^^^^^^^^^^^^^^^^^^^^^
  File "C:\Workspace\neko-system\worker\.venv\Lib\site-packages\huggingface_hub\file_download.py", line 1812, in _raise_on_head_call_error
    raise head_call_error
  File "C:\Workspace\neko-system\worker\.venv\Lib\site-packages\huggingface_hub\file_download.py", line 1699, in _get_metadata_or_catch_error
    metadata = get_hf_file_metadata(
        url=url,
    ...<4 lines>...
        retry_on_errors=retry_on_errors,
    )
  File "C:\Workspace\neko-system\worker\.venv\Lib\site-packages\huggingface_hub\utils\_validators.py", line 89, in _inner_fn
    return fn(*args, **kwargs)
  File "C:\Workspace\neko-system\worker\.venv\Lib\site-packages\huggingface_hub\file_download.py", line 1622, in get_hf_file_metadata
    response = _httpx_follow_relative_redirects(
        method="HEAD", url=url, headers=hf_headers, timeout=timeout, retry_on_errors=retry_on_errors
    )
  File "C:\Workspace\neko-system\worker\.venv\Lib\site-packages\huggingface_hub\file_download.py", line 309, in _httpx_follow_relative_redirects
    hf_raise_for_status(response)
    ~~~~~~~~~~~~~~~~~~~^^^^^^^^^^
  File "C:\Workspace\neko-system\worker\.venv\Lib\site-packages\huggingface_hub\utils\_http.py", line 710, in hf_raise_for_status
    raise _format(RepositoryNotFoundError, message, response) from e
huggingface_hub.errors.RepositoryNotFoundError: 401 Client Error. (Request ID: Root=1-6987df6b-632895bf2a34aadd73eaddca;7c1d8259-7d25-4496-81cb-7bc08951ede3)

Repository Not Found for url: https://huggingface.co/Helsinki-NLP/opus-mt-ja-ko/resolve/main/config.json.
Please make sure you specified the correct `repo_id` and `repo_type`.
If you are trying to access a private or gated repo, make sure you are authenticated. For more details, see https://huggingface.co/docs/huggingface_hub/authentication
Invalid username or password.

The above exception was the direct cause of the following exception:

Traceback (most recent call last):
  File "C:\Workspace\neko-system\worker\translate_worker.py", line 258, in translate_text
    translator = pipeline("translation", model=TRANSLATE_MODEL)
  File "C:\Workspace\neko-system\worker\.venv\Lib\site-packages\transformers\pipelines\__init__.py", line 695, in pipeline
    resolved_config_file = cached_file(
        pretrained_model_name_or_path,
    ...<5 lines>...
        **hub_kwargs,
    )
  File "C:\Workspace\neko-system\worker\.venv\Lib\site-packages\transformers\utils\hub.py", line 276, in cached_file
    file = cached_files(path_or_repo_id=path_or_repo_id, filenames=[filename], **kwargs)
  File "C:\Workspace\neko-system\worker\.venv\Lib\site-packages\transformers\utils\hub.py", line 449, in cached_files
    raise OSError(
    ...<4 lines>...
    ) from e
OSError: Helsinki-NLP/opus-mt-ja-ko is not a local folder and is not a valid model identifier listed on 'https://huggingface.co/models'
If this is a private repository, make sure to pass a token having permission to this repo either by logging in with `hf auth login` or by passing `token=<your_token>`
2026-02-08 09:57:16,725 [ERROR] ❌ 챕터 1 번역 실패
2026-02-08 09:57:18,968 [ERROR]    ❌ 모델 로딩 실패: Helsinki-NLP/opus-mt-ja-ko is not a local folder and is not a valid model identifier listed on 'https://huggingface.co/models'
If this is a private repository, make sure to pass a token having permission to this repo either by logging in with `hf auth login` or by passing `token=<your_token>`
2026-02-08 09:57:18,968 [ERROR] Model loading error
Traceback (most recent call last):
  File "C:\Workspace\neko-system\worker\.venv\Lib\site-packages\huggingface_hub\utils\_http.py", line 657, in hf_raise_for_status
    response.raise_for_status()
    ~~~~~~~~~~~~~~~~~~~~~~~~~^^
  File "C:\Workspace\neko-system\worker\.venv\Lib\site-packages\httpx\_models.py", line 829, in raise_for_status
    raise HTTPStatusError(message, request=request, response=self)
httpx.HTTPStatusError: Client error '401 Unauthorized' for url 'https://huggingface.co/Helsinki-NLP/opus-mt-ja-ko/resolve/main/config.json'
For more information check: https://developer.mozilla.org/en-US/docs/Web/HTTP/Status/401

The above exception was the direct cause of the following exception:

Traceback (most recent call last):
  File "C:\Workspace\neko-system\worker\.venv\Lib\site-packages\transformers\utils\hub.py", line 419, in cached_files
    hf_hub_download(
    ~~~~~~~~~~~~~~~^
        path_or_repo_id,
        ^^^^^^^^^^^^^^^^
    ...<9 lines>...
        local_files_only=local_files_only,
        ^^^^^^^^^^^^^^^^^^^^^^^^^^^^^^^^^^
    )
    ^
  File "C:\Workspace\neko-system\worker\.venv\Lib\site-packages\huggingface_hub\utils\_validators.py", line 89, in _inner_fn
    return fn(*args, **kwargs)
  File "C:\Workspace\neko-system\worker\.venv\Lib\site-packages\huggingface_hub\file_download.py", line 1032, in hf_hub_download
    return _hf_hub_download_to_cache_dir(
        # Destination
    ...<15 lines>...
        dry_run=dry_run,
    )
  File "C:\Workspace\neko-system\worker\.venv\Lib\site-packages\huggingface_hub\file_download.py", line 1183, in _hf_hub_download_to_cache_dir
    _raise_on_head_call_error(head_call_error, force_download, local_files_only)
    ~~~~~~~~~~~~~~~~~~~~~~~~~^^^^^^^^^^^^^^^^^^^^^^^^^^^^^^^^^^^^^^^^^^^^^^^^^^^
  File "C:\Workspace\neko-system\worker\.venv\Lib\site-packages\huggingface_hub\file_download.py", line 1812, in _raise_on_head_call_error
    raise head_call_error
  File "C:\Workspace\neko-system\worker\.venv\Lib\site-packages\huggingface_hub\file_download.py", line 1699, in _get_metadata_or_catch_error
    metadata = get_hf_file_metadata(
        url=url,
    ...<4 lines>...
        retry_on_errors=retry_on_errors,
    )
  File "C:\Workspace\neko-system\worker\.venv\Lib\site-packages\huggingface_hub\utils\_validators.py", line 89, in _inner_fn
    return fn(*args, **kwargs)
  File "C:\Workspace\neko-system\worker\.venv\Lib\site-packages\huggingface_hub\file_download.py", line 1622, in get_hf_file_metadata
    response = _httpx_follow_relative_redirects(
        method="HEAD", url=url, headers=hf_headers, timeout=timeout, retry_on_errors=retry_on_errors
    )
  File "C:\Workspace\neko-system\worker\.venv\Lib\site-packages\huggingface_hub\file_download.py", line 309, in _httpx_follow_relative_redirects
    hf_raise_for_status(response)
    ~~~~~~~~~~~~~~~~~~~^^^^^^^^^^
  File "C:\Workspace\neko-system\worker\.venv\Lib\site-packages\huggingface_hub\utils\_http.py", line 710, in hf_raise_for_status
    raise _format(RepositoryNotFoundError, message, response) from e
huggingface_hub.errors.RepositoryNotFoundError: 401 Client Error. (Request ID: Root=1-6987df6d-61168799200514b522195908;fe53d6d3-6c02-4e9a-a89c-25f5ed67894f)

Repository Not Found for url: https://huggingface.co/Helsinki-NLP/opus-mt-ja-ko/resolve/main/config.json.
Please make sure you specified the correct `repo_id` and `repo_type`.
If you are trying to access a private or gated repo, make sure you are authenticated. For more details, see https://huggingface.co/docs/huggingface_hub/authentication
Invalid username or password.

The above exception was the direct cause of the following exception:

Traceback (most recent call last):
  File "C:\Workspace\neko-system\worker\translate_worker.py", line 258, in translate_text
    translator = pipeline("translation", model=TRANSLATE_MODEL)
  File "C:\Workspace\neko-system\worker\.venv\Lib\site-packages\transformers\pipelines\__init__.py", line 695, in pipeline
    resolved_config_file = cached_file(
        pretrained_model_name_or_path,
    ...<5 lines>...
        **hub_kwargs,
    )
  File "C:\Workspace\neko-system\worker\.venv\Lib\site-packages\transformers\utils\hub.py", line 276, in cached_file
    file = cached_files(path_or_repo_id=path_or_repo_id, filenames=[filename], **kwargs)
  File "C:\Workspace\neko-system\worker\.venv\Lib\site-packages\transformers\utils\hub.py", line 449, in cached_files
    raise OSError(
    ...<4 lines>...
    ) from e
OSError: Helsinki-NLP/opus-mt-ja-ko is not a local folder and is not a valid model identifier listed on 'https://huggingface.co/models'
If this is a private repository, make sure to pass a token having permission to this repo either by logging in with `hf auth login` or by passing `token=<your_token>`
2026-02-08 09:57:18,971 [ERROR] ❌ 챕터 1 번역 실패
2026-02-08 09:57:21,175 [ERROR]    ❌ 모델 로딩 실패: Helsinki-NLP/opus-mt-ja-ko is not a local folder and is not a valid model identifier listed on 'https://huggingface.co/models'
If this is a private repository, make sure to pass a token having permission to this repo either by logging in with `hf auth login` or by passing `token=<your_token>`
2026-02-08 09:57:21,175 [ERROR] Model loading error
Traceback (most recent call last):
  File "C:\Workspace\neko-system\worker\.venv\Lib\site-packages\huggingface_hub\utils\_http.py", line 657, in hf_raise_for_status
    response.raise_for_status()
    ~~~~~~~~~~~~~~~~~~~~~~~~~^^
  File "C:\Workspace\neko-system\worker\.venv\Lib\site-packages\httpx\_models.py", line 829, in raise_for_status
    raise HTTPStatusError(message, request=request, response=self)
httpx.HTTPStatusError: Client error '401 Unauthorized' for url 'https://huggingface.co/Helsinki-NLP/opus-mt-ja-ko/resolve/main/config.json'
For more information check: https://developer.mozilla.org/en-US/docs/Web/HTTP/Status/401

The above exception was the direct cause of the following exception:

Traceback (most recent call last):
  File "C:\Workspace\neko-system\worker\.venv\Lib\site-packages\transformers\utils\hub.py", line 419, in cached_files
    hf_hub_download(
    ~~~~~~~~~~~~~~~^
        path_or_repo_id,
        ^^^^^^^^^^^^^^^^
    ...<9 lines>...
        local_files_only=local_files_only,
        ^^^^^^^^^^^^^^^^^^^^^^^^^^^^^^^^^^
    )
    ^
  File "C:\Workspace\neko-system\worker\.venv\Lib\site-packages\huggingface_hub\utils\_validators.py", line 89, in _inner_fn
    return fn(*args, **kwargs)
  File "C:\Workspace\neko-system\worker\.venv\Lib\site-packages\huggingface_hub\file_download.py", line 1032, in hf_hub_download
    return _hf_hub_download_to_cache_dir(
        # Destination
    ...<15 lines>...
        dry_run=dry_run,
    )
  File "C:\Workspace\neko-system\worker\.venv\Lib\site-packages\huggingface_hub\file_download.py", line 1183, in _hf_hub_download_to_cache_dir
    _raise_on_head_call_error(head_call_error, force_download, local_files_only)
    ~~~~~~~~~~~~~~~~~~~~~~~~~^^^^^^^^^^^^^^^^^^^^^^^^^^^^^^^^^^^^^^^^^^^^^^^^^^^
  File "C:\Workspace\neko-system\worker\.venv\Lib\site-packages\huggingface_hub\file_download.py", line 1812, in _raise_on_head_call_error
    raise head_call_error
  File "C:\Workspace\neko-system\worker\.venv\Lib\site-packages\huggingface_hub\file_download.py", line 1699, in _get_metadata_or_catch_error
    metadata = get_hf_file_metadata(
        url=url,
    ...<4 lines>...
        retry_on_errors=retry_on_errors,
    )
  File "C:\Workspace\neko-system\worker\.venv\Lib\site-packages\huggingface_hub\utils\_validators.py", line 89, in _inner_fn
    return fn(*args, **kwargs)
  File "C:\Workspace\neko-system\worker\.venv\Lib\site-packages\huggingface_hub\file_download.py", line 1622, in get_hf_file_metadata
    response = _httpx_follow_relative_redirects(
        method="HEAD", url=url, headers=hf_headers, timeout=timeout, retry_on_errors=retry_on_errors
    )
  File "C:\Workspace\neko-system\worker\.venv\Lib\site-packages\huggingface_hub\file_download.py", line 309, in _httpx_follow_relative_redirects
    hf_raise_for_status(response)
    ~~~~~~~~~~~~~~~~~~~^^^^^^^^^^
  File "C:\Workspace\neko-system\worker\.venv\Lib\site-packages\huggingface_hub\utils\_http.py", line 710, in hf_raise_for_status
    raise _format(RepositoryNotFoundError, message, response) from e
huggingface_hub.errors.RepositoryNotFoundError: 401 Client Error. (Request ID: Root=1-6987df70-55f293f74cca946169e4a979;f47d5383-cf30-42bf-a520-462ca3a12fd7)

Repository Not Found for url: https://huggingface.co/Helsinki-NLP/opus-mt-ja-ko/resolve/main/config.json.
Please make sure you specified the correct `repo_id` and `repo_type`.
If you are trying to access a private or gated repo, make sure you are authenticated. For more details, see https://huggingface.co/docs/huggingface_hub/authentication
Invalid username or password.

The above exception was the direct cause of the following exception:

Traceback (most recent call last):
  File "C:\Workspace\neko-system\worker\translate_worker.py", line 258, in translate_text
    translator = pipeline("translation", model=TRANSLATE_MODEL)
  File "C:\Workspace\neko-system\worker\.venv\Lib\site-packages\transformers\pipelines\__init__.py", line 695, in pipeline
    resolved_config_file = cached_file(
        pretrained_model_name_or_path,
    ...<5 lines>...
        **hub_kwargs,
    )
  File "C:\Workspace\neko-system\worker\.venv\Lib\site-packages\transformers\utils\hub.py", line 276, in cached_file
    file = cached_files(path_or_repo_id=path_or_repo_id, filenames=[filename], **kwargs)
  File "C:\Workspace\neko-system\worker\.venv\Lib\site-packages\transformers\utils\hub.py", line 449, in cached_files
    raise OSError(
    ...<4 lines>...
    ) from e
OSError: Helsinki-NLP/opus-mt-ja-ko is not a local folder and is not a valid model identifier listed on 'https://huggingface.co/models'
If this is a private repository, make sure to pass a token having permission to this repo either by logging in with `hf auth login` or by passing `token=<your_token>`
2026-02-08 09:57:21,178 [ERROR] ❌ 챕터 1 번역 실패
2026-02-08 09:57:23,377 [ERROR]    ❌ 모델 로딩 실패: Helsinki-NLP/opus-mt-ja-ko is not a local folder and is not a valid model identifier listed on 'https://huggingface.co/models'
If this is a private repository, make sure to pass a token having permission to this repo either by logging in with `hf auth login` or by passing `token=<your_token>`
2026-02-08 09:57:23,377 [ERROR] Model loading error
Traceback (most recent call last):
  File "C:\Workspace\neko-system\worker\.venv\Lib\site-packages\huggingface_hub\utils\_http.py", line 657, in hf_raise_for_status
    response.raise_for_status()
    ~~~~~~~~~~~~~~~~~~~~~~~~~^^
  File "C:\Workspace\neko-system\worker\.venv\Lib\site-packages\httpx\_models.py", line 829, in raise_for_status
    raise HTTPStatusError(message, request=request, response=self)
httpx.HTTPStatusError: Client error '401 Unauthorized' for url 'https://huggingface.co/Helsinki-NLP/opus-mt-ja-ko/resolve/main/config.json'
For more information check: https://developer.mozilla.org/en-US/docs/Web/HTTP/Status/401

The above exception was the direct cause of the following exception:

Traceback (most recent call last):
  File "C:\Workspace\neko-system\worker\.venv\Lib\site-packages\transformers\utils\hub.py", line 419, in cached_files
    hf_hub_download(
    ~~~~~~~~~~~~~~~^
        path_or_repo_id,
        ^^^^^^^^^^^^^^^^
    ...<9 lines>...
        local_files_only=local_files_only,
        ^^^^^^^^^^^^^^^^^^^^^^^^^^^^^^^^^^
    )
    ^
  File "C:\Workspace\neko-system\worker\.venv\Lib\site-packages\huggingface_hub\utils\_validators.py", line 89, in _inner_fn
    return fn(*args, **kwargs)
  File "C:\Workspace\neko-system\worker\.venv\Lib\site-packages\huggingface_hub\file_download.py", line 1032, in hf_hub_download
    return _hf_hub_download_to_cache_dir(
        # Destination
    ...<15 lines>...
        dry_run=dry_run,
    )
  File "C:\Workspace\neko-system\worker\.venv\Lib\site-packages\huggingface_hub\file_download.py", line 1183, in _hf_hub_download_to_cache_dir
    _raise_on_head_call_error(head_call_error, force_download, local_files_only)
    ~~~~~~~~~~~~~~~~~~~~~~~~~^^^^^^^^^^^^^^^^^^^^^^^^^^^^^^^^^^^^^^^^^^^^^^^^^^^
  File "C:\Workspace\neko-system\worker\.venv\Lib\site-packages\huggingface_hub\file_download.py", line 1812, in _raise_on_head_call_error
    raise head_call_error
  File "C:\Workspace\neko-system\worker\.venv\Lib\site-packages\huggingface_hub\file_download.py", line 1699, in _get_metadata_or_catch_error
    metadata = get_hf_file_metadata(
        url=url,
    ...<4 lines>...
        retry_on_errors=retry_on_errors,
    )
  File "C:\Workspace\neko-system\worker\.venv\Lib\site-packages\huggingface_hub\utils\_validators.py", line 89, in _inner_fn
    return fn(*args, **kwargs)
  File "C:\Workspace\neko-system\worker\.venv\Lib\site-packages\huggingface_hub\file_download.py", line 1622, in get_hf_file_metadata
    response = _httpx_follow_relative_redirects(
        method="HEAD", url=url, headers=hf_headers, timeout=timeout, retry_on_errors=retry_on_errors
    )
  File "C:\Workspace\neko-system\worker\.venv\Lib\site-packages\huggingface_hub\file_download.py", line 309, in _httpx_follow_relative_redirects
    hf_raise_for_status(response)
    ~~~~~~~~~~~~~~~~~~~^^^^^^^^^^
  File "C:\Workspace\neko-system\worker\.venv\Lib\site-packages\huggingface_hub\utils\_http.py", line 710, in hf_raise_for_status
    raise _format(RepositoryNotFoundError, message, response) from e
huggingface_hub.errors.RepositoryNotFoundError: 401 Client Error. (Request ID: Root=1-6987df72-1e98b6ec31895a1d57ce5350;7cea81c1-fe19-4f85-a081-d05b142a3800)

Repository Not Found for url: https://huggingface.co/Helsinki-NLP/opus-mt-ja-ko/resolve/main/config.json.
Please make sure you specified the correct `repo_id` and `repo_type`.
If you are trying to access a private or gated repo, make sure you are authenticated. For more details, see https://huggingface.co/docs/huggingface_hub/authentication
Invalid username or password.

The above exception was the direct cause of the following exception:

Traceback (most recent call last):
  File "C:\Workspace\neko-system\worker\translate_worker.py", line 258, in translate_text
    translator = pipeline("translation", model=TRANSLATE_MODEL)
  File "C:\Workspace\neko-system\worker\.venv\Lib\site-packages\transformers\pipelines\__init__.py", line 695, in pipeline
    resolved_config_file = cached_file(
        pretrained_model_name_or_path,
    ...<5 lines>...
        **hub_kwargs,
    )
  File "C:\Workspace\neko-system\worker\.venv\Lib\site-packages\transformers\utils\hub.py", line 276, in cached_file
    file = cached_files(path_or_repo_id=path_or_repo_id, filenames=[filename], **kwargs)
  File "C:\Workspace\neko-system\worker\.venv\Lib\site-packages\transformers\utils\hub.py", line 449, in cached_files
    raise OSError(
    ...<4 lines>...
    ) from e
OSError: Helsinki-NLP/opus-mt-ja-ko is not a local folder and is not a valid model identifier listed on 'https://huggingface.co/models'
If this is a private repository, make sure to pass a token having permission to this repo either by logging in with `hf auth login` or by passing `token=<your_token>`
2026-02-08 09:57:23,380 [ERROR] ❌ 챕터 1 번역 실패
2026-02-08 09:57:25,586 [ERROR]    ❌ 모델 로딩 실패: Helsinki-NLP/opus-mt-ja-ko is not a local folder and is not a valid model identifier listed on 'https://huggingface.co/models'
If this is a private repository, make sure to pass a token having permission to this repo either by logging in with `hf auth login` or by passing `token=<your_token>`
2026-02-08 09:57:25,586 [ERROR] Model loading error
Traceback (most recent call last):
  File "C:\Workspace\neko-system\worker\.venv\Lib\site-packages\huggingface_hub\utils\_http.py", line 657, in hf_raise_for_status
    response.raise_for_status()
    ~~~~~~~~~~~~~~~~~~~~~~~~~^^
  File "C:\Workspace\neko-system\worker\.venv\Lib\site-packages\httpx\_models.py", line 829, in raise_for_status
    raise HTTPStatusError(message, request=request, response=self)
httpx.HTTPStatusError: Client error '401 Unauthorized' for url 'https://huggingface.co/Helsinki-NLP/opus-mt-ja-ko/resolve/main/config.json'
For more information check: https://developer.mozilla.org/en-US/docs/Web/HTTP/Status/401

The above exception was the direct cause of the following exception:

Traceback (most recent call last):
  File "C:\Workspace\neko-system\worker\.venv\Lib\site-packages\transformers\utils\hub.py", line 419, in cached_files
    hf_hub_download(
    ~~~~~~~~~~~~~~~^
        path_or_repo_id,
        ^^^^^^^^^^^^^^^^
    ...<9 lines>...
        local_files_only=local_files_only,
        ^^^^^^^^^^^^^^^^^^^^^^^^^^^^^^^^^^
    )
    ^
  File "C:\Workspace\neko-system\worker\.venv\Lib\site-packages\huggingface_hub\utils\_validators.py", line 89, in _inner_fn
    return fn(*args, **kwargs)
  File "C:\Workspace\neko-system\worker\.venv\Lib\site-packages\huggingface_hub\file_download.py", line 1032, in hf_hub_download
    return _hf_hub_download_to_cache_dir(
        # Destination
    ...<15 lines>...
        dry_run=dry_run,
    )
  File "C:\Workspace\neko-system\worker\.venv\Lib\site-packages\huggingface_hub\file_download.py", line 1183, in _hf_hub_download_to_cache_dir
    _raise_on_head_call_error(head_call_error, force_download, local_files_only)
    ~~~~~~~~~~~~~~~~~~~~~~~~~^^^^^^^^^^^^^^^^^^^^^^^^^^^^^^^^^^^^^^^^^^^^^^^^^^^
  File "C:\Workspace\neko-system\worker\.venv\Lib\site-packages\huggingface_hub\file_download.py", line 1812, in _raise_on_head_call_error
    raise head_call_error
  File "C:\Workspace\neko-system\worker\.venv\Lib\site-packages\huggingface_hub\file_download.py", line 1699, in _get_metadata_or_catch_error
    metadata = get_hf_file_metadata(
        url=url,
    ...<4 lines>...
        retry_on_errors=retry_on_errors,
    )
  File "C:\Workspace\neko-system\worker\.venv\Lib\site-packages\huggingface_hub\utils\_validators.py", line 89, in _inner_fn
    return fn(*args, **kwargs)
  File "C:\Workspace\neko-system\worker\.venv\Lib\site-packages\huggingface_hub\file_download.py", line 1622, in get_hf_file_metadata
    response = _httpx_follow_relative_redirects(
        method="HEAD", url=url, headers=hf_headers, timeout=timeout, retry_on_errors=retry_on_errors
    )
  File "C:\Workspace\neko-system\worker\.venv\Lib\site-packages\huggingface_hub\file_download.py", line 309, in _httpx_follow_relative_redirects
    hf_raise_for_status(response)
    ~~~~~~~~~~~~~~~~~~~^^^^^^^^^^
  File "C:\Workspace\neko-system\worker\.venv\Lib\site-packages\huggingface_hub\utils\_http.py", line 710, in hf_raise_for_status
    raise _format(RepositoryNotFoundError, message, response) from e
huggingface_hub.errors.RepositoryNotFoundError: 401 Client Error. (Request ID: Root=1-6987df74-5b4917264e4d5aaf47897ee4;028f5c38-585b-486d-9c78-5d0702632da8)

Repository Not Found for url: https://huggingface.co/Helsinki-NLP/opus-mt-ja-ko/resolve/main/config.json.
Please make sure you specified the correct `repo_id` and `repo_type`.
If you are trying to access a private or gated repo, make sure you are authenticated. For more details, see https://huggingface.co/docs/huggingface_hub/authentication
Invalid username or password.

The above exception was the direct cause of the following exception:

Traceback (most recent call last):
  File "C:\Workspace\neko-system\worker\translate_worker.py", line 258, in translate_text
    translator = pipeline("translation", model=TRANSLATE_MODEL)
  File "C:\Workspace\neko-system\worker\.venv\Lib\site-packages\transformers\pipelines\__init__.py", line 695, in pipeline
    resolved_config_file = cached_file(
        pretrained_model_name_or_path,
    ...<5 lines>...
        **hub_kwargs,
    )
  File "C:\Workspace\neko-system\worker\.venv\Lib\site-packages\transformers\utils\hub.py", line 276, in cached_file
    file = cached_files(path_or_repo_id=path_or_repo_id, filenames=[filename], **kwargs)
  File "C:\Workspace\neko-system\worker\.venv\Lib\site-packages\transformers\utils\hub.py", line 449, in cached_files
    raise OSError(
    ...<4 lines>...
    ) from e
OSError: Helsinki-NLP/opus-mt-ja-ko is not a local folder and is not a valid model identifier listed on 'https://huggingface.co/models'
If this is a private repository, make sure to pass a token having permission to this repo either by logging in with `hf auth login` or by passing `token=<your_token>`
2026-02-08 09:57:25,589 [ERROR] ❌ 챕터 1 번역 실패
2026-02-08 09:57:27,796 [ERROR]    ❌ 모델 로딩 실패: Helsinki-NLP/opus-mt-ja-ko is not a local folder and is not a valid model identifier listed on 'https://huggingface.co/models'
If this is a private repository, make sure to pass a token having permission to this repo either by logging in with `hf auth login` or by passing `token=<your_token>`
2026-02-08 09:57:27,796 [ERROR] Model loading error
Traceback (most recent call last):
  File "C:\Workspace\neko-system\worker\.venv\Lib\site-packages\huggingface_hub\utils\_http.py", line 657, in hf_raise_for_status
    response.raise_for_status()
    ~~~~~~~~~~~~~~~~~~~~~~~~~^^
  File "C:\Workspace\neko-system\worker\.venv\Lib\site-packages\httpx\_models.py", line 829, in raise_for_status
    raise HTTPStatusError(message, request=request, response=self)
httpx.HTTPStatusError: Client error '401 Unauthorized' for url 'https://huggingface.co/Helsinki-NLP/opus-mt-ja-ko/resolve/main/config.json'
For more information check: https://developer.mozilla.org/en-US/docs/Web/HTTP/Status/401

The above exception was the direct cause of the following exception:

Traceback (most recent call last):
  File "C:\Workspace\neko-system\worker\.venv\Lib\site-packages\transformers\utils\hub.py", line 419, in cached_files
    hf_hub_download(
    ~~~~~~~~~~~~~~~^
        path_or_repo_id,
        ^^^^^^^^^^^^^^^^
    ...<9 lines>...
        local_files_only=local_files_only,
        ^^^^^^^^^^^^^^^^^^^^^^^^^^^^^^^^^^
    )
    ^
  File "C:\Workspace\neko-system\worker\.venv\Lib\site-packages\huggingface_hub\utils\_validators.py", line 89, in _inner_fn
    return fn(*args, **kwargs)
  File "C:\Workspace\neko-system\worker\.venv\Lib\site-packages\huggingface_hub\file_download.py", line 1032, in hf_hub_download
    return _hf_hub_download_to_cache_dir(
        # Destination
    ...<15 lines>...
        dry_run=dry_run,
    )
  File "C:\Workspace\neko-system\worker\.venv\Lib\site-packages\huggingface_hub\file_download.py", line 1183, in _hf_hub_download_to_cache_dir
    _raise_on_head_call_error(head_call_error, force_download, local_files_only)
    ~~~~~~~~~~~~~~~~~~~~~~~~~^^^^^^^^^^^^^^^^^^^^^^^^^^^^^^^^^^^^^^^^^^^^^^^^^^^
  File "C:\Workspace\neko-system\worker\.venv\Lib\site-packages\huggingface_hub\file_download.py", line 1812, in _raise_on_head_call_error
    raise head_call_error
  File "C:\Workspace\neko-system\worker\.venv\Lib\site-packages\huggingface_hub\file_download.py", line 1699, in _get_metadata_or_catch_error
    metadata = get_hf_file_metadata(
        url=url,
    ...<4 lines>...
        retry_on_errors=retry_on_errors,
    )
  File "C:\Workspace\neko-system\worker\.venv\Lib\site-packages\huggingface_hub\utils\_validators.py", line 89, in _inner_fn
    return fn(*args, **kwargs)
  File "C:\Workspace\neko-system\worker\.venv\Lib\site-packages\huggingface_hub\file_download.py", line 1622, in get_hf_file_metadata
    response = _httpx_follow_relative_redirects(
        method="HEAD", url=url, headers=hf_headers, timeout=timeout, retry_on_errors=retry_on_errors
    )
  File "C:\Workspace\neko-system\worker\.venv\Lib\site-packages\huggingface_hub\file_download.py", line 309, in _httpx_follow_relative_redirects
    hf_raise_for_status(response)
    ~~~~~~~~~~~~~~~~~~~^^^^^^^^^^
  File "C:\Workspace\neko-system\worker\.venv\Lib\site-packages\huggingface_hub\utils\_http.py", line 710, in hf_raise_for_status
    raise _format(RepositoryNotFoundError, message, response) from e
huggingface_hub.errors.RepositoryNotFoundError: 401 Client Error. (Request ID: Root=1-6987df76-2c0ed48a7701205867616807;c72555a0-e7d0-44fb-b6e6-3db5a4dc7c8f)

Repository Not Found for url: https://huggingface.co/Helsinki-NLP/opus-mt-ja-ko/resolve/main/config.json.
Please make sure you specified the correct `repo_id` and `repo_type`.
If you are trying to access a private or gated repo, make sure you are authenticated. For more details, see https://huggingface.co/docs/huggingface_hub/authentication
Invalid username or password.

The above exception was the direct cause of the following exception:

Traceback (most recent call last):
  File "C:\Workspace\neko-system\worker\translate_worker.py", line 258, in translate_text
    translator = pipeline("translation", model=TRANSLATE_MODEL)
  File "C:\Workspace\neko-system\worker\.venv\Lib\site-packages\transformers\pipelines\__init__.py", line 695, in pipeline
    resolved_config_file = cached_file(
        pretrained_model_name_or_path,
    ...<5 lines>...
        **hub_kwargs,
    )
  File "C:\Workspace\neko-system\worker\.venv\Lib\site-packages\transformers\utils\hub.py", line 276, in cached_file
    file = cached_files(path_or_repo_id=path_or_repo_id, filenames=[filename], **kwargs)
  File "C:\Workspace\neko-system\worker\.venv\Lib\site-packages\transformers\utils\hub.py", line 449, in cached_files
    raise OSError(
    ...<4 lines>...
    ) from e
OSError: Helsinki-NLP/opus-mt-ja-ko is not a local folder and is not a valid model identifier listed on 'https://huggingface.co/models'
If this is a private repository, make sure to pass a token having permission to this repo either by logging in with `hf auth login` or by passing `token=<your_token>`
2026-02-08 09:57:27,800 [ERROR] ❌ 챕터 1 번역 실패
2026-02-08 10:03:08,315 [ERROR] 챕터 조회 실패: column n.source_language does not exist
LINE 5:             WHERE n.source_language = 'ja'
                          ^

2026-02-08 10:03:08,315 [ERROR] get_chapter_to_translate error
Traceback (most recent call last):
  File "C:\Workspace\neko-system\worker\translate_worker.py", line 192, in get_chapter_to_translate
    cur.execute(f"""
    ~~~~~~~~~~~^^^^^
        SELECT c.id, c.url, c.title, c.content
        ^^^^^^^^^^^^^^^^^^^^^^^^^^^^^^^^^^^^^^
    ...<11 lines>...
        LIMIT 1
        ^^^^^^^
    """, (TRANSLATION_ENGINE,))
    ^^^^^^^^^^^^^^^^^^^^^^^^^^^
psycopg2.errors.UndefinedColumn: column n.source_language does not exist
LINE 5:             WHERE n.source_language = 'ja'
                          ^

2026-02-08 10:03:10,322 [ERROR] 챕터 조회 실패: current transaction is aborted, commands ignored until end of transaction block

2026-02-08 10:03:10,323 [ERROR] get_chapter_to_translate error
Traceback (most recent call last):
  File "C:\Workspace\neko-system\worker\translate_worker.py", line 192, in get_chapter_to_translate
    cur.execute(f"""
    ~~~~~~~~~~~^^^^^
        SELECT c.id, c.url, c.title, c.content
        ^^^^^^^^^^^^^^^^^^^^^^^^^^^^^^^^^^^^^^
    ...<11 lines>...
        LIMIT 1
        ^^^^^^^
    """, (TRANSLATION_ENGINE,))
    ^^^^^^^^^^^^^^^^^^^^^^^^^^^
psycopg2.errors.InFailedSqlTransaction: current transaction is aborted, commands ignored until end of transaction block

2026-02-08 10:03:12,329 [ERROR] 챕터 조회 실패: current transaction is aborted, commands ignored until end of transaction block

2026-02-08 10:03:12,329 [ERROR] get_chapter_to_translate error
Traceback (most recent call last):
  File "C:\Workspace\neko-system\worker\translate_worker.py", line 192, in get_chapter_to_translate
    cur.execute(f"""
    ~~~~~~~~~~~^^^^^
        SELECT c.id, c.url, c.title, c.content
        ^^^^^^^^^^^^^^^^^^^^^^^^^^^^^^^^^^^^^^
    ...<11 lines>...
        LIMIT 1
        ^^^^^^^
    """, (TRANSLATION_ENGINE,))
    ^^^^^^^^^^^^^^^^^^^^^^^^^^^
psycopg2.errors.InFailedSqlTransaction: current transaction is aborted, commands ignored until end of transaction block

2026-02-08 10:03:14,335 [ERROR] 챕터 조회 실패: current transaction is aborted, commands ignored until end of transaction block

2026-02-08 10:03:14,335 [ERROR] get_chapter_to_translate error
Traceback (most recent call last):
  File "C:\Workspace\neko-system\worker\translate_worker.py", line 192, in get_chapter_to_translate
    cur.execute(f"""
    ~~~~~~~~~~~^^^^^
        SELECT c.id, c.url, c.title, c.content
        ^^^^^^^^^^^^^^^^^^^^^^^^^^^^^^^^^^^^^^
    ...<11 lines>...
        LIMIT 1
        ^^^^^^^
    """, (TRANSLATION_ENGINE,))
    ^^^^^^^^^^^^^^^^^^^^^^^^^^^
psycopg2.errors.InFailedSqlTransaction: current transaction is aborted, commands ignored until end of transaction block

2026-02-08 10:03:16,342 [ERROR] 챕터 조회 실패: current transaction is aborted, commands ignored until end of transaction block

2026-02-08 10:03:16,343 [ERROR] get_chapter_to_translate error
Traceback (most recent call last):
  File "C:\Workspace\neko-system\worker\translate_worker.py", line 192, in get_chapter_to_translate
    cur.execute(f"""
    ~~~~~~~~~~~^^^^^
        SELECT c.id, c.url, c.title, c.content
        ^^^^^^^^^^^^^^^^^^^^^^^^^^^^^^^^^^^^^^
    ...<11 lines>...
        LIMIT 1
        ^^^^^^^
    """, (TRANSLATION_ENGINE,))
    ^^^^^^^^^^^^^^^^^^^^^^^^^^^
psycopg2.errors.InFailedSqlTransaction: current transaction is aborted, commands ignored until end of transaction block

2026-02-08 10:03:18,349 [ERROR] 챕터 조회 실패: current transaction is aborted, commands ignored until end of transaction block

2026-02-08 10:03:18,349 [ERROR] get_chapter_to_translate error
Traceback (most recent call last):
  File "C:\Workspace\neko-system\worker\translate_worker.py", line 192, in get_chapter_to_translate
    cur.execute(f"""
    ~~~~~~~~~~~^^^^^
        SELECT c.id, c.url, c.title, c.content
        ^^^^^^^^^^^^^^^^^^^^^^^^^^^^^^^^^^^^^^
    ...<11 lines>...
        LIMIT 1
        ^^^^^^^
    """, (TRANSLATION_ENGINE,))
    ^^^^^^^^^^^^^^^^^^^^^^^^^^^
psycopg2.errors.InFailedSqlTransaction: current transaction is aborted, commands ignored until end of transaction block

2026-02-08 10:03:20,356 [ERROR] 챕터 조회 실패: current transaction is aborted, commands ignored until end of transaction block

2026-02-08 10:03:20,357 [ERROR] get_chapter_to_translate error
Traceback (most recent call last):
  File "C:\Workspace\neko-system\worker\translate_worker.py", line 192, in get_chapter_to_translate
    cur.execute(f"""
    ~~~~~~~~~~~^^^^^
        SELECT c.id, c.url, c.title, c.content
        ^^^^^^^^^^^^^^^^^^^^^^^^^^^^^^^^^^^^^^
    ...<11 lines>...
        LIMIT 1
        ^^^^^^^
    """, (TRANSLATION_ENGINE,))
    ^^^^^^^^^^^^^^^^^^^^^^^^^^^
psycopg2.errors.InFailedSqlTransaction: current transaction is aborted, commands ignored until end of transaction block

2026-02-08 10:03:22,364 [ERROR] 챕터 조회 실패: current transaction is aborted, commands ignored until end of transaction block

2026-02-08 10:03:22,364 [ERROR] get_chapter_to_translate error
Traceback (most recent call last):
  File "C:\Workspace\neko-system\worker\translate_worker.py", line 192, in get_chapter_to_translate
    cur.execute(f"""
    ~~~~~~~~~~~^^^^^
        SELECT c.id, c.url, c.title, c.content
        ^^^^^^^^^^^^^^^^^^^^^^^^^^^^^^^^^^^^^^
    ...<11 lines>...
        LIMIT 1
        ^^^^^^^
    """, (TRANSLATION_ENGINE,))
    ^^^^^^^^^^^^^^^^^^^^^^^^^^^
psycopg2.errors.InFailedSqlTransaction: current transaction is aborted, commands ignored until end of transaction block

2026-02-08 10:03:24,371 [ERROR] 챕터 조회 실패: current transaction is aborted, commands ignored until end of transaction block

2026-02-08 10:03:24,371 [ERROR] get_chapter_to_translate error
Traceback (most recent call last):
  File "C:\Workspace\neko-system\worker\translate_worker.py", line 192, in get_chapter_to_translate
    cur.execute(f"""
    ~~~~~~~~~~~^^^^^
        SELECT c.id, c.url, c.title, c.content
        ^^^^^^^^^^^^^^^^^^^^^^^^^^^^^^^^^^^^^^
    ...<11 lines>...
        LIMIT 1
        ^^^^^^^
    """, (TRANSLATION_ENGINE,))
    ^^^^^^^^^^^^^^^^^^^^^^^^^^^
psycopg2.errors.InFailedSqlTransaction: current transaction is aborted, commands ignored until end of transaction block

2026-02-08 10:04:49,753 [ERROR] 챕터 조회 실패: column n.source_language does not exist
LINE 5:             WHERE n.source_language = 'ja'
                          ^

2026-02-08 10:04:49,753 [ERROR] get_chapter_to_translate error
Traceback (most recent call last):
  File "C:\Workspace\neko-system\worker\translate_worker.py", line 194, in get_chapter_to_translate
    cur.execute(f"""
    ~~~~~~~~~~~^^^^^
        SELECT c.id, c.url, c.title, c.content
        ^^^^^^^^^^^^^^^^^^^^^^^^^^^^^^^^^^^^^^
    ...<11 lines>...
        LIMIT 1
        ^^^^^^^
    """, (TRANSLATION_ENGINE,))
    ^^^^^^^^^^^^^^^^^^^^^^^^^^^
psycopg2.errors.UndefinedColumn: column n.source_language does not exist
LINE 5:             WHERE n.source_language = 'ja'
                          ^

2026-02-08 10:04:51,760 [ERROR] 챕터 조회 실패: column n.source_language does not exist
LINE 5:             WHERE n.source_language = 'ja'
                          ^

2026-02-08 10:04:51,760 [ERROR] get_chapter_to_translate error
Traceback (most recent call last):
  File "C:\Workspace\neko-system\worker\translate_worker.py", line 194, in get_chapter_to_translate
    cur.execute(f"""
    ~~~~~~~~~~~^^^^^
        SELECT c.id, c.url, c.title, c.content
        ^^^^^^^^^^^^^^^^^^^^^^^^^^^^^^^^^^^^^^
    ...<11 lines>...
        LIMIT 1
        ^^^^^^^
    """, (TRANSLATION_ENGINE,))
    ^^^^^^^^^^^^^^^^^^^^^^^^^^^
psycopg2.errors.UndefinedColumn: column n.source_language does not exist
LINE 5:             WHERE n.source_language = 'ja'
                          ^

2026-02-08 10:04:53,766 [ERROR] 챕터 조회 실패: column n.source_language does not exist
LINE 5:             WHERE n.source_language = 'ja'
                          ^

2026-02-08 10:04:53,766 [ERROR] get_chapter_to_translate error
Traceback (most recent call last):
  File "C:\Workspace\neko-system\worker\translate_worker.py", line 194, in get_chapter_to_translate
    cur.execute(f"""
    ~~~~~~~~~~~^^^^^
        SELECT c.id, c.url, c.title, c.content
        ^^^^^^^^^^^^^^^^^^^^^^^^^^^^^^^^^^^^^^
    ...<11 lines>...
        LIMIT 1
        ^^^^^^^
    """, (TRANSLATION_ENGINE,))
    ^^^^^^^^^^^^^^^^^^^^^^^^^^^
psycopg2.errors.UndefinedColumn: column n.source_language does not exist
LINE 5:             WHERE n.source_language = 'ja'
                          ^

2026-02-08 10:04:55,773 [ERROR] 챕터 조회 실패: column n.source_language does not exist
LINE 5:             WHERE n.source_language = 'ja'
                          ^

2026-02-08 10:04:55,773 [ERROR] get_chapter_to_translate error
Traceback (most recent call last):
  File "C:\Workspace\neko-system\worker\translate_worker.py", line 194, in get_chapter_to_translate
    cur.execute(f"""
    ~~~~~~~~~~~^^^^^
        SELECT c.id, c.url, c.title, c.content
        ^^^^^^^^^^^^^^^^^^^^^^^^^^^^^^^^^^^^^^
    ...<11 lines>...
        LIMIT 1
        ^^^^^^^
    """, (TRANSLATION_ENGINE,))
    ^^^^^^^^^^^^^^^^^^^^^^^^^^^
psycopg2.errors.UndefinedColumn: column n.source_language does not exist
LINE 5:             WHERE n.source_language = 'ja'
                          ^

2026-02-08 10:04:57,780 [ERROR] 챕터 조회 실패: column n.source_language does not exist
LINE 5:             WHERE n.source_language = 'ja'
                          ^

2026-02-08 10:04:57,780 [ERROR] get_chapter_to_translate error
Traceback (most recent call last):
  File "C:\Workspace\neko-system\worker\translate_worker.py", line 194, in get_chapter_to_translate
    cur.execute(f"""
    ~~~~~~~~~~~^^^^^
        SELECT c.id, c.url, c.title, c.content
        ^^^^^^^^^^^^^^^^^^^^^^^^^^^^^^^^^^^^^^
    ...<11 lines>...
        LIMIT 1
        ^^^^^^^
    """, (TRANSLATION_ENGINE,))
    ^^^^^^^^^^^^^^^^^^^^^^^^^^^
psycopg2.errors.UndefinedColumn: column n.source_language does not exist
LINE 5:             WHERE n.source_language = 'ja'
                          ^

2026-02-08 10:04:59,787 [ERROR] 챕터 조회 실패: column n.source_language does not exist
LINE 5:             WHERE n.source_language = 'ja'
                          ^

2026-02-08 10:04:59,787 [ERROR] get_chapter_to_translate error
Traceback (most recent call last):
  File "C:\Workspace\neko-system\worker\translate_worker.py", line 194, in get_chapter_to_translate
    cur.execute(f"""
    ~~~~~~~~~~~^^^^^
        SELECT c.id, c.url, c.title, c.content
        ^^^^^^^^^^^^^^^^^^^^^^^^^^^^^^^^^^^^^^
    ...<11 lines>...
        LIMIT 1
        ^^^^^^^
    """, (TRANSLATION_ENGINE,))
    ^^^^^^^^^^^^^^^^^^^^^^^^^^^
psycopg2.errors.UndefinedColumn: column n.source_language does not exist
LINE 5:             WHERE n.source_language = 'ja'
                          ^

2026-02-08 10:05:01,793 [ERROR] 챕터 조회 실패: column n.source_language does not exist
LINE 5:             WHERE n.source_language = 'ja'
                          ^

2026-02-08 10:05:01,794 [ERROR] get_chapter_to_translate error
Traceback (most recent call last):
  File "C:\Workspace\neko-system\worker\translate_worker.py", line 194, in get_chapter_to_translate
    cur.execute(f"""
    ~~~~~~~~~~~^^^^^
        SELECT c.id, c.url, c.title, c.content
        ^^^^^^^^^^^^^^^^^^^^^^^^^^^^^^^^^^^^^^
    ...<11 lines>...
        LIMIT 1
        ^^^^^^^
    """, (TRANSLATION_ENGINE,))
    ^^^^^^^^^^^^^^^^^^^^^^^^^^^
psycopg2.errors.UndefinedColumn: column n.source_language does not exist
LINE 5:             WHERE n.source_language = 'ja'
                          ^

2026-02-08 10:09:53,708 [ERROR]    ❌ 청크 1 번역 실패: 404 (Not Found) from TTS API. Probable cause: Unknown
2026-02-08 10:09:53,708 [ERROR] Chunk 1 translation error
Traceback (most recent call last):
  File "C:\Workspace\neko-system\worker\.venv\Lib\site-packages\google_trans_new\google_trans_new.py", line 189, in translate
    r.raise_for_status()
    ~~~~~~~~~~~~~~~~~~^^
  File "C:\Workspace\neko-system\worker\.venv\Lib\site-packages\requests\models.py", line 1026, in raise_for_status
    raise HTTPError(http_error_msg, response=self)
requests.exceptions.HTTPError: 404 Client Error: Not Found for url: https://translate.google.cn/_/TranslateWebserverUi/data/batchexecute

During handling of the above exception, another exception occurred:

Traceback (most recent call last):
  File "C:\Workspace\neko-system\worker\translate_worker.py", line 281, in translate_text
    translated_text = translator.translate(chunk, lang_src='ja', lang_tgt='ko')
  File "C:\Workspace\neko-system\worker\.venv\Lib\site-packages\google_trans_new\google_trans_new.py", line 194, in translate
    raise google_new_transError(tts=self, response=r)
google_trans_new.google_trans_new.google_new_transError: 404 (Not Found) from TTS API. Probable cause: Unknown
2026-02-08 10:09:55,106 [ERROR]    ❌ 청크 2 번역 실패: 404 (Not Found) from TTS API. Probable cause: Unknown
2026-02-08 10:09:55,106 [ERROR] Chunk 2 translation error
Traceback (most recent call last):
  File "C:\Workspace\neko-system\worker\.venv\Lib\site-packages\google_trans_new\google_trans_new.py", line 189, in translate
    r.raise_for_status()
    ~~~~~~~~~~~~~~~~~~^^
  File "C:\Workspace\neko-system\worker\.venv\Lib\site-packages\requests\models.py", line 1026, in raise_for_status
    raise HTTPError(http_error_msg, response=self)
requests.exceptions.HTTPError: 404 Client Error: Not Found for url: https://translate.google.cn/_/TranslateWebserverUi/data/batchexecute

During handling of the above exception, another exception occurred:

Traceback (most recent call last):
  File "C:\Workspace\neko-system\worker\translate_worker.py", line 281, in translate_text
    translated_text = translator.translate(chunk, lang_src='ja', lang_tgt='ko')
  File "C:\Workspace\neko-system\worker\.venv\Lib\site-packages\google_trans_new\google_trans_new.py", line 194, in translate
    raise google_new_transError(tts=self, response=r)
google_trans_new.google_trans_new.google_new_transError: 404 (Not Found) from TTS API. Probable cause: Unknown
2026-02-08 10:09:56,470 [ERROR]    ❌ 청크 3 번역 실패: 404 (Not Found) from TTS API. Probable cause: Unknown
2026-02-08 10:09:56,471 [ERROR] Chunk 3 translation error
Traceback (most recent call last):
  File "C:\Workspace\neko-system\worker\.venv\Lib\site-packages\google_trans_new\google_trans_new.py", line 189, in translate
    r.raise_for_status()
    ~~~~~~~~~~~~~~~~~~^^
  File "C:\Workspace\neko-system\worker\.venv\Lib\site-packages\requests\models.py", line 1026, in raise_for_status
    raise HTTPError(http_error_msg, response=self)
requests.exceptions.HTTPError: 404 Client Error: Not Found for url: https://translate.google.cn/_/TranslateWebserverUi/data/batchexecute

During handling of the above exception, another exception occurred:

Traceback (most recent call last):
  File "C:\Workspace\neko-system\worker\translate_worker.py", line 281, in translate_text
    translated_text = translator.translate(chunk, lang_src='ja', lang_tgt='ko')
  File "C:\Workspace\neko-system\worker\.venv\Lib\site-packages\google_trans_new\google_trans_new.py", line 194, in translate
    raise google_new_transError(tts=self, response=r)
google_trans_new.google_trans_new.google_new_transError: 404 (Not Found) from TTS API. Probable cause: Unknown
2026-02-08 10:09:57,838 [ERROR]    ❌ 청크 4 번역 실패: 404 (Not Found) from TTS API. Probable cause: Unknown
2026-02-08 10:09:57,838 [ERROR] Chunk 4 translation error
Traceback (most recent call last):
  File "C:\Workspace\neko-system\worker\.venv\Lib\site-packages\google_trans_new\google_trans_new.py", line 189, in translate
    r.raise_for_status()
    ~~~~~~~~~~~~~~~~~~^^
  File "C:\Workspace\neko-system\worker\.venv\Lib\site-packages\requests\models.py", line 1026, in raise_for_status
    raise HTTPError(http_error_msg, response=self)
requests.exceptions.HTTPError: 404 Client Error: Not Found for url: https://translate.google.cn/_/TranslateWebserverUi/data/batchexecute

During handling of the above exception, another exception occurred:

Traceback (most recent call last):
  File "C:\Workspace\neko-system\worker\translate_worker.py", line 281, in translate_text
    translated_text = translator.translate(chunk, lang_src='ja', lang_tgt='ko')
  File "C:\Workspace\neko-system\worker\.venv\Lib\site-packages\google_trans_new\google_trans_new.py", line 194, in translate
    raise google_new_transError(tts=self, response=r)
google_trans_new.google_trans_new.google_new_transError: 404 (Not Found) from TTS API. Probable cause: Unknown
2026-02-08 10:09:59,207 [ERROR]    ❌ 청크 5 번역 실패: 404 (Not Found) from TTS API. Probable cause: Unknown
2026-02-08 10:09:59,207 [ERROR] Chunk 5 translation error
Traceback (most recent call last):
  File "C:\Workspace\neko-system\worker\.venv\Lib\site-packages\google_trans_new\google_trans_new.py", line 189, in translate
    r.raise_for_status()
    ~~~~~~~~~~~~~~~~~~^^
  File "C:\Workspace\neko-system\worker\.venv\Lib\site-packages\requests\models.py", line 1026, in raise_for_status
    raise HTTPError(http_error_msg, response=self)
requests.exceptions.HTTPError: 404 Client Error: Not Found for url: https://translate.google.cn/_/TranslateWebserverUi/data/batchexecute

During handling of the above exception, another exception occurred:

Traceback (most recent call last):
  File "C:\Workspace\neko-system\worker\translate_worker.py", line 281, in translate_text
    translated_text = translator.translate(chunk, lang_src='ja', lang_tgt='ko')
  File "C:\Workspace\neko-system\worker\.venv\Lib\site-packages\google_trans_new\google_trans_new.py", line 194, in translate
    raise google_new_transError(tts=self, response=r)
google_trans_new.google_trans_new.google_new_transError: 404 (Not Found) from TTS API. Probable cause: Unknown
2026-02-08 10:10:00,573 [ERROR]    ❌ 청크 6 번역 실패: 404 (Not Found) from TTS API. Probable cause: Unknown
2026-02-08 10:10:00,573 [ERROR] Chunk 6 translation error
Traceback (most recent call last):
  File "C:\Workspace\neko-system\worker\.venv\Lib\site-packages\google_trans_new\google_trans_new.py", line 189, in translate
    r.raise_for_status()
    ~~~~~~~~~~~~~~~~~~^^
  File "C:\Workspace\neko-system\worker\.venv\Lib\site-packages\requests\models.py", line 1026, in raise_for_status
    raise HTTPError(http_error_msg, response=self)
requests.exceptions.HTTPError: 404 Client Error: Not Found for url: https://translate.google.cn/_/TranslateWebserverUi/data/batchexecute

During handling of the above exception, another exception occurred:

Traceback (most recent call last):
  File "C:\Workspace\neko-system\worker\translate_worker.py", line 281, in translate_text
    translated_text = translator.translate(chunk, lang_src='ja', lang_tgt='ko')
  File "C:\Workspace\neko-system\worker\.venv\Lib\site-packages\google_trans_new\google_trans_new.py", line 194, in translate
    raise google_new_transError(tts=self, response=r)
google_trans_new.google_trans_new.google_new_transError: 404 (Not Found) from TTS API. Probable cause: Unknown
2026-02-08 10:10:01,575 [ERROR] ❌ 번역 결과가 비어있음
2026-02-08 10:10:01,575 [ERROR] ❌ 챕터 4917 번역 실패
2026-02-08 10:10:03,954 [ERROR]    ❌ 청크 1 번역 실패: 404 (Not Found) from TTS API. Probable cause: Unknown
2026-02-08 10:10:03,954 [ERROR] Chunk 1 translation error
Traceback (most recent call last):
  File "C:\Workspace\neko-system\worker\.venv\Lib\site-packages\google_trans_new\google_trans_new.py", line 189, in translate
    r.raise_for_status()
    ~~~~~~~~~~~~~~~~~~^^
  File "C:\Workspace\neko-system\worker\.venv\Lib\site-packages\requests\models.py", line 1026, in raise_for_status
    raise HTTPError(http_error_msg, response=self)
requests.exceptions.HTTPError: 404 Client Error: Not Found for url: https://translate.google.cn/_/TranslateWebserverUi/data/batchexecute

During handling of the above exception, another exception occurred:

Traceback (most recent call last):
  File "C:\Workspace\neko-system\worker\translate_worker.py", line 281, in translate_text
    translated_text = translator.translate(chunk, lang_src='ja', lang_tgt='ko')
  File "C:\Workspace\neko-system\worker\.venv\Lib\site-packages\google_trans_new\google_trans_new.py", line 194, in translate
    raise google_new_transError(tts=self, response=r)
google_trans_new.google_trans_new.google_new_transError: 404 (Not Found) from TTS API. Probable cause: Unknown
2026-02-08 10:10:05,301 [ERROR]    ❌ 청크 2 번역 실패: 404 (Not Found) from TTS API. Probable cause: Unknown
2026-02-08 10:10:05,301 [ERROR] Chunk 2 translation error
Traceback (most recent call last):
  File "C:\Workspace\neko-system\worker\.venv\Lib\site-packages\google_trans_new\google_trans_new.py", line 189, in translate
    r.raise_for_status()
    ~~~~~~~~~~~~~~~~~~^^
  File "C:\Workspace\neko-system\worker\.venv\Lib\site-packages\requests\models.py", line 1026, in raise_for_status
    raise HTTPError(http_error_msg, response=self)
requests.exceptions.HTTPError: 404 Client Error: Not Found for url: https://translate.google.cn/_/TranslateWebserverUi/data/batchexecute

During handling of the above exception, another exception occurred:

Traceback (most recent call last):
  File "C:\Workspace\neko-system\worker\translate_worker.py", line 281, in translate_text
    translated_text = translator.translate(chunk, lang_src='ja', lang_tgt='ko')
  File "C:\Workspace\neko-system\worker\.venv\Lib\site-packages\google_trans_new\google_trans_new.py", line 194, in translate
    raise google_new_transError(tts=self, response=r)
google_trans_new.google_trans_new.google_new_transError: 404 (Not Found) from TTS API. Probable cause: Unknown
2026-02-08 10:10:06,662 [ERROR]    ❌ 청크 3 번역 실패: 404 (Not Found) from TTS API. Probable cause: Unknown
2026-02-08 10:10:06,662 [ERROR] Chunk 3 translation error
Traceback (most recent call last):
  File "C:\Workspace\neko-system\worker\.venv\Lib\site-packages\google_trans_new\google_trans_new.py", line 189, in translate
    r.raise_for_status()
    ~~~~~~~~~~~~~~~~~~^^
  File "C:\Workspace\neko-system\worker\.venv\Lib\site-packages\requests\models.py", line 1026, in raise_for_status
    raise HTTPError(http_error_msg, response=self)
requests.exceptions.HTTPError: 404 Client Error: Not Found for url: https://translate.google.cn/_/TranslateWebserverUi/data/batchexecute

During handling of the above exception, another exception occurred:

Traceback (most recent call last):
  File "C:\Workspace\neko-system\worker\translate_worker.py", line 281, in translate_text
    translated_text = translator.translate(chunk, lang_src='ja', lang_tgt='ko')
  File "C:\Workspace\neko-system\worker\.venv\Lib\site-packages\google_trans_new\google_trans_new.py", line 194, in translate
    raise google_new_transError(tts=self, response=r)
google_trans_new.google_trans_new.google_new_transError: 404 (Not Found) from TTS API. Probable cause: Unknown
2026-02-08 10:10:08,036 [ERROR]    ❌ 청크 4 번역 실패: 404 (Not Found) from TTS API. Probable cause: Unknown
2026-02-08 10:10:08,037 [ERROR] Chunk 4 translation error
Traceback (most recent call last):
  File "C:\Workspace\neko-system\worker\.venv\Lib\site-packages\google_trans_new\google_trans_new.py", line 189, in translate
    r.raise_for_status()
    ~~~~~~~~~~~~~~~~~~^^
  File "C:\Workspace\neko-system\worker\.venv\Lib\site-packages\requests\models.py", line 1026, in raise_for_status
    raise HTTPError(http_error_msg, response=self)
requests.exceptions.HTTPError: 404 Client Error: Not Found for url: https://translate.google.cn/_/TranslateWebserverUi/data/batchexecute

During handling of the above exception, another exception occurred:

Traceback (most recent call last):
  File "C:\Workspace\neko-system\worker\translate_worker.py", line 281, in translate_text
    translated_text = translator.translate(chunk, lang_src='ja', lang_tgt='ko')
  File "C:\Workspace\neko-system\worker\.venv\Lib\site-packages\google_trans_new\google_trans_new.py", line 194, in translate
    raise google_new_transError(tts=self, response=r)
google_trans_new.google_trans_new.google_new_transError: 404 (Not Found) from TTS API. Probable cause: Unknown
2026-02-08 10:10:09,398 [ERROR]    ❌ 청크 5 번역 실패: 404 (Not Found) from TTS API. Probable cause: Unknown
2026-02-08 10:10:09,398 [ERROR] Chunk 5 translation error
Traceback (most recent call last):
  File "C:\Workspace\neko-system\worker\.venv\Lib\site-packages\google_trans_new\google_trans_new.py", line 189, in translate
    r.raise_for_status()
    ~~~~~~~~~~~~~~~~~~^^
  File "C:\Workspace\neko-system\worker\.venv\Lib\site-packages\requests\models.py", line 1026, in raise_for_status
    raise HTTPError(http_error_msg, response=self)
requests.exceptions.HTTPError: 404 Client Error: Not Found for url: https://translate.google.cn/_/TranslateWebserverUi/data/batchexecute

During handling of the above exception, another exception occurred:

Traceback (most recent call last):
  File "C:\Workspace\neko-system\worker\translate_worker.py", line 281, in translate_text
    translated_text = translator.translate(chunk, lang_src='ja', lang_tgt='ko')
  File "C:\Workspace\neko-system\worker\.venv\Lib\site-packages\google_trans_new\google_trans_new.py", line 194, in translate
    raise google_new_transError(tts=self, response=r)
google_trans_new.google_trans_new.google_new_transError: 404 (Not Found) from TTS API. Probable cause: Unknown
2026-02-08 10:10:10,757 [ERROR]    ❌ 청크 6 번역 실패: 404 (Not Found) from TTS API. Probable cause: Unknown
2026-02-08 10:10:10,758 [ERROR] Chunk 6 translation error
Traceback (most recent call last):
  File "C:\Workspace\neko-system\worker\.venv\Lib\site-packages\google_trans_new\google_trans_new.py", line 189, in translate
    r.raise_for_status()
    ~~~~~~~~~~~~~~~~~~^^
  File "C:\Workspace\neko-system\worker\.venv\Lib\site-packages\requests\models.py", line 1026, in raise_for_status
    raise HTTPError(http_error_msg, response=self)
requests.exceptions.HTTPError: 404 Client Error: Not Found for url: https://translate.google.cn/_/TranslateWebserverUi/data/batchexecute

During handling of the above exception, another exception occurred:

Traceback (most recent call last):
  File "C:\Workspace\neko-system\worker\translate_worker.py", line 281, in translate_text
    translated_text = translator.translate(chunk, lang_src='ja', lang_tgt='ko')
  File "C:\Workspace\neko-system\worker\.venv\Lib\site-packages\google_trans_new\google_trans_new.py", line 194, in translate
    raise google_new_transError(tts=self, response=r)
google_trans_new.google_trans_new.google_new_transError: 404 (Not Found) from TTS API. Probable cause: Unknown
2026-02-08 10:10:11,760 [ERROR] ❌ 번역 결과가 비어있음
2026-02-08 10:10:11,760 [ERROR] ❌ 챕터 4917 번역 실패
2026-02-08 10:11:50,958 [ERROR]    ❌ 청크 1 번역 실패: 'coroutine' object has no attribute 'text'
2026-02-08 10:11:50,958 [ERROR] Chunk 1 translation error
Traceback (most recent call last):
  File "C:\Workspace\neko-system\worker\translate_worker.py", line 281, in translate_text
    translated_text = result.text if result else None
                      ^^^^^^^^^^^
AttributeError: 'coroutine' object has no attribute 'text'
2026-02-08 10:11:51,967 [ERROR]    ❌ 청크 2 번역 실패: 'coroutine' object has no attribute 'text'
2026-02-08 10:11:51,967 [ERROR] Chunk 2 translation error
Traceback (most recent call last):
  File "C:\Workspace\neko-system\worker\translate_worker.py", line 281, in translate_text
    translated_text = result.text if result else None
                      ^^^^^^^^^^^
AttributeError: 'coroutine' object has no attribute 'text'
2026-02-08 10:11:52,968 [ERROR]    ❌ 청크 3 번역 실패: 'coroutine' object has no attribute 'text'
2026-02-08 10:11:52,968 [ERROR] Chunk 3 translation error
Traceback (most recent call last):
  File "C:\Workspace\neko-system\worker\translate_worker.py", line 281, in translate_text
    translated_text = result.text if result else None
                      ^^^^^^^^^^^
AttributeError: 'coroutine' object has no attribute 'text'
2026-02-08 10:11:53,969 [ERROR]    ❌ 청크 4 번역 실패: 'coroutine' object has no attribute 'text'
2026-02-08 10:11:53,969 [ERROR] Chunk 4 translation error
Traceback (most recent call last):
  File "C:\Workspace\neko-system\worker\translate_worker.py", line 281, in translate_text
    translated_text = result.text if result else None
                      ^^^^^^^^^^^
AttributeError: 'coroutine' object has no attribute 'text'
2026-02-08 10:11:54,970 [ERROR] ❌ 번역 결과가 비어있음
2026-02-08 10:11:54,971 [ERROR] ❌ 챕터 1 번역 실패
2026-02-08 10:11:57,331 [ERROR]    ❌ 청크 1 번역 실패: 'coroutine' object has no attribute 'text'
2026-02-08 10:11:57,331 [ERROR] Chunk 1 translation error
Traceback (most recent call last):
  File "C:\Workspace\neko-system\worker\translate_worker.py", line 281, in translate_text
    translated_text = result.text if result else None
                      ^^^^^^^^^^^
AttributeError: 'coroutine' object has no attribute 'text'
2026-02-08 10:11:58,332 [ERROR]    ❌ 청크 2 번역 실패: 'coroutine' object has no attribute 'text'
2026-02-08 10:11:58,332 [ERROR] Chunk 2 translation error
Traceback (most recent call last):
  File "C:\Workspace\neko-system\worker\translate_worker.py", line 281, in translate_text
    translated_text = result.text if result else None
                      ^^^^^^^^^^^
AttributeError: 'coroutine' object has no attribute 'text'
2026-02-08 10:11:59,333 [ERROR]    ❌ 청크 3 번역 실패: 'coroutine' object has no attribute 'text'
2026-02-08 10:11:59,333 [ERROR] Chunk 3 translation error
Traceback (most recent call last):
  File "C:\Workspace\neko-system\worker\translate_worker.py", line 281, in translate_text
    translated_text = result.text if result else None
                      ^^^^^^^^^^^
AttributeError: 'coroutine' object has no attribute 'text'
2026-02-08 10:12:00,334 [ERROR]    ❌ 청크 4 번역 실패: 'coroutine' object has no attribute 'text'
2026-02-08 10:12:00,334 [ERROR] Chunk 4 translation error
Traceback (most recent call last):
  File "C:\Workspace\neko-system\worker\translate_worker.py", line 281, in translate_text
    translated_text = result.text if result else None
                      ^^^^^^^^^^^
AttributeError: 'coroutine' object has no attribute 'text'
2026-02-08 10:12:01,335 [ERROR] ❌ 번역 결과가 비어있음
2026-02-08 10:12:01,336 [ERROR] ❌ 챕터 1 번역 실패
2026-02-08 10:12:03,695 [ERROR]    ❌ 청크 1 번역 실패: 'coroutine' object has no attribute 'text'
2026-02-08 10:12:03,696 [ERROR] Chunk 1 translation error
Traceback (most recent call last):
  File "C:\Workspace\neko-system\worker\translate_worker.py", line 281, in translate_text
    translated_text = result.text if result else None
                      ^^^^^^^^^^^
AttributeError: 'coroutine' object has no attribute 'text'
2026-02-08 10:12:04,696 [ERROR]    ❌ 청크 2 번역 실패: 'coroutine' object has no attribute 'text'
2026-02-08 10:12:04,696 [ERROR] Chunk 2 translation error
Traceback (most recent call last):
  File "C:\Workspace\neko-system\worker\translate_worker.py", line 281, in translate_text
    translated_text = result.text if result else None
                      ^^^^^^^^^^^
AttributeError: 'coroutine' object has no attribute 'text'
2026-02-08 10:12:05,697 [ERROR]    ❌ 청크 3 번역 실패: 'coroutine' object has no attribute 'text'
2026-02-08 10:12:05,698 [ERROR] Chunk 3 translation error
Traceback (most recent call last):
  File "C:\Workspace\neko-system\worker\translate_worker.py", line 281, in translate_text
    translated_text = result.text if result else None
                      ^^^^^^^^^^^
AttributeError: 'coroutine' object has no attribute 'text'
2026-02-08 10:12:06,698 [ERROR]    ❌ 청크 4 번역 실패: 'coroutine' object has no attribute 'text'
2026-02-08 10:12:06,699 [ERROR] Chunk 4 translation error
Traceback (most recent call last):
  File "C:\Workspace\neko-system\worker\translate_worker.py", line 281, in translate_text
    translated_text = result.text if result else None
                      ^^^^^^^^^^^
AttributeError: 'coroutine' object has no attribute 'text'
2026-02-08 10:12:07,699 [ERROR] ❌ 번역 결과가 비어있음
2026-02-08 10:12:07,701 [ERROR] ❌ 챕터 1 번역 실패
2026-02-08 10:12:10,057 [ERROR]    ❌ 청크 1 번역 실패: 'coroutine' object has no attribute 'text'
2026-02-08 10:12:10,057 [ERROR] Chunk 1 translation error
Traceback (most recent call last):
  File "C:\Workspace\neko-system\worker\translate_worker.py", line 281, in translate_text
    translated_text = result.text if result else None
                      ^^^^^^^^^^^
AttributeError: 'coroutine' object has no attribute 'text'
2026-02-08 10:12:11,058 [ERROR]    ❌ 청크 2 번역 실패: 'coroutine' object has no attribute 'text'
2026-02-08 10:12:11,058 [ERROR] Chunk 2 translation error
Traceback (most recent call last):
  File "C:\Workspace\neko-system\worker\translate_worker.py", line 281, in translate_text
    translated_text = result.text if result else None
                      ^^^^^^^^^^^
AttributeError: 'coroutine' object has no attribute 'text'
